Price,Close,High,Low,Open,Volume
Ticker,RKLB,RKLB,RKLB,RKLB,RKLB
Datetime,,,,,
2026-02-09 14:30:00+00:00,71.1675033569336,72.18499755859375,71.07009887695312,72.12999725341797,674421
2026-02-09 14:31:00+00:00,72.95999908447266,72.97000122070312,70.75,71.16500091552734,98702
2026-02-09 14:32:00+00:00,73.64099884033203,73.66999816894531,72.47000122070312,72.90499877929688,118533
2026-02-09 14:33:00+00:00,73.59500122070312,73.87000274658203,73.30000305175781,73.53500366210938,90178
2026-02-09 14:34:00+00:00,73.13999938964844,73.75,73.0613021850586,73.5999984741211,85745
2026-02-09 14:35:00+00:00,72.5,73.13999938964844,72.19999694824219,73.13999938964844,62888
2026-02-09 14:36:00+00:00,73.16000366210938,73.19000244140625,72.44999694824219,72.50499725341797,76609
2026-02-09 14:37:00+00:00,73.68000030517578,73.73999786376953,73.1500015258789,73.16999816894531,87008
2026-02-09 14:38:00+00:00,73.98500061035156,74.2699966430664,73.66999816894531,73.68000030517578,123796
2026-02-09 14:39:00+00:00,74.375,74.66000366210938,73.98999786376953,73.98999786376953,78386
2026-02-09 14:40:00+00:00,74.58999633789062,74.75,74.08999633789062,74.37090301513672,86895
2026-02-09 14:41:00+00:00,74.52999877929688,74.87999725341797,74.33529663085938,74.58999633789062,87046
2026-02-09 14:42:00+00:00,75.12999725341797,75.27999877929688,74.51000213623047,74.6050033569336,97826
2026-02-09 14:43:00+00:00,75.05999755859375,75.30000305175781,74.76010131835938,75.18000030517578,75450
2026-02-09 14:44:00+00:00,75.16000366210938,75.19000244140625,74.7750015258789,75.04000091552734,58490
2026-02-09 14:45:00+00:00,75.37999725341797,75.45999908447266,75.02999877929688,75.06500244140625,96046
2026-02-09 14:46:00+00:00,75.54499816894531,75.85990142822266,75.33000183105469,75.36840057373047,98516
2026-02-09 14:47:00+00:00,75.40809631347656,75.54499816894531,74.88500213623047,75.5,72353
2026-02-09 14:48:00+00:00,74.89450073242188,75.52999877929688,74.80020141601562,75.4000015258789,83327
2026-02-09 14:49:00+00:00,74.87999725341797,75.08899688720703,74.58000183105469,74.91000366210938,56109
2026-02-09 14:50:00+00:00,74.55500030517578,74.94999694824219,74.34049987792969,74.93000030517578,65630
2026-02-09 14:51:00+00:00,74.54989624023438,74.6500015258789,74.19999694824219,74.5250015258789,52661
2026-02-09 14:52:00+00:00,74.1321029663086,74.80000305175781,74.12999725341797,74.53939819335938,41342
2026-02-09 14:53:00+00:00,74.25,74.63999938964844,74.12999725341797,74.19000244140625,43394
2026-02-09 14:54:00+00:00,74.23999786376953,74.38999938964844,73.91999816894531,74.30999755859375,54923
2026-02-09 14:55:00+00:00,74.69999694824219,74.74909973144531,74.25,74.2699966430664,53095
2026-02-09 14:56:00+00:00,75.05999755859375,75.12999725341797,74.61009979248047,74.73999786376953,71401
2026-02-09 14:57:00+00:00,74.70999908447266,75.09989929199219,74.6500015258789,75.05999755859375,49142
2026-02-09 14:58:00+00:00,75.0,75.26499938964844,74.6500015258789,74.72000122070312,49659
2026-02-09 14:59:00+00:00,74.76499938964844,75.10639953613281,74.41000366210938,75.05000305175781,61896
2026-02-09 15:00:00+00:00,73.91999816894531,74.92070007324219,73.91999816894531,74.69000244140625,97790
2026-02-09 15:01:00+00:00,74.44999694824219,74.45500183105469,73.83999633789062,73.95999908447266,59453
2026-02-09 15:02:00+00:00,74.05870056152344,74.5,73.80000305175781,74.44000244140625,45949
2026-02-09 15:03:00+00:00,74.44000244140625,74.58000183105469,74.15850067138672,74.15850067138672,36341
2026-02-09 15:04:00+00:00,74.72000122070312,74.72000122070312,74.41999816894531,74.51499938964844,24997
2026-02-09 15:05:00+00:00,75.06999969482422,75.0999984741211,74.69999694824219,74.69999694824219,55848
2026-02-09 15:06:00+00:00,75.2300033569336,75.33000183105469,75.00499725341797,75.07499694824219,56856
2026-02-09 15:07:00+00:00,75.25,75.29000091552734,75.13999938964844,75.29000091552734,32269
2026-02-09 15:08:00+00:00,75.04850006103516,75.28459930419922,75.01000213623047,75.27999877929688,38593
2026-02-09 15:09:00+00:00,75.21499633789062,75.21499633789062,74.8550033569336,75.04499816894531,34244
2026-02-09 15:10:00+00:00,75.12999725341797,75.47000122070312,75.04000091552734,75.24500274658203,40969
2026-02-09 15:11:00+00:00,75.18499755859375,75.18499755859375,74.81999969482422,75.11499786376953,29468
2026-02-09 15:12:00+00:00,75.27999877929688,75.27999877929688,74.86000061035156,75.19000244140625,45200
2026-02-09 15:13:00+00:00,75.43000030517578,75.47000122070312,75.1500015258789,75.27999877929688,54756
2026-02-09 15:14:00+00:00,75.92379760742188,75.92379760742188,75.41999816894531,75.4800033569336,115855
2026-02-09 15:15:00+00:00,75.98320007324219,76.16000366210938,75.88009643554688,75.94000244140625,85225
2026-02-09 15:16:00+00:00,76.1050033569336,76.25,75.96009826660156,76.08000183105469,75322
2026-02-09 15:17:00+00:00,76.22000122070312,76.2699966430664,76.01000213623047,76.12999725341797,49267
2026-02-09 15:18:00+00:00,76.21990203857422,76.3499984741211,76.08000183105469,76.22260284423828,56629
2026-02-09 15:19:00+00:00,76.25499725341797,76.26000213623047,76.08000183105469,76.18550109863281,32546
2026-02-09 15:20:00+00:00,76.57499694824219,76.58000183105469,76.23999786376953,76.29000091552734,70656
2026-02-09 15:21:00+00:00,76.37000274658203,76.59989929199219,76.30999755859375,76.58499908447266,55285
2026-02-09 15:22:00+00:00,76.04759979248047,76.37999725341797,75.8550033569336,76.33000183105469,40268
2026-02-09 15:23:00+00:00,76.19000244140625,76.25,76.04499816894531,76.04499816894531,26068
2026-02-09 15:24:00+00:00,76.16999816894531,76.22000122070312,75.9800033569336,76.18000030517578,56085
2026-02-09 15:25:00+00:00,76.0873031616211,76.36299896240234,76.0199966430664,76.16000366210938,52487
2026-02-09 15:26:00+00:00,75.63999938964844,76.05999755859375,75.51000213623047,76.0199966430664,73690
2026-02-09 15:27:00+00:00,75.32499694824219,75.68000030517578,75.22000122070312,75.66500091552734,78598
2026-02-09 15:28:00+00:00,74.93000030517578,75.37999725341797,74.87000274658203,75.31500244140625,43219
2026-02-09 15:29:00+00:00,74.8927001953125,75.16000366210938,74.85009765625,74.93000030517578,39084
2026-02-09 15:30:00+00:00,75.42790222167969,75.47709655761719,74.88999938964844,74.88999938964844,43816
2026-02-09 15:31:00+00:00,75.31500244140625,75.54000091552734,75.18000030517578,75.37000274658203,38872
2026-02-09 15:32:00+00:00,75.45999908447266,75.47920227050781,75.19999694824219,75.31999969482422,24538
2026-02-09 15:33:00+00:00,75.18000030517578,75.4749984741211,75.0999984741211,75.47000122070312,14551
2026-02-09 15:34:00+00:00,75.14969635009766,75.2300033569336,75.06500244140625,75.18000030517578,15375
2026-02-09 15:35:00+00:00,75.23999786376953,75.30000305175781,75.1500015258789,75.1500015258789,20909
2026-02-09 15:36:00+00:00,74.94000244140625,75.43000030517578,74.9000015258789,75.26640319824219,31247
2026-02-09 15:37:00+00:00,75.41999816894531,75.41999816894531,74.94000244140625,74.94000244140625,32551
2026-02-09 15:38:00+00:00,75.37000274658203,75.52999877929688,75.33999633789062,75.43499755859375,27207
2026-02-09 15:39:00+00:00,74.98519897460938,75.38999938964844,74.95999908447266,75.37000274658203,13438
2026-02-09 15:40:00+00:00,75.02999877929688,75.06999969482422,74.94999694824219,74.9990005493164,10013
2026-02-09 15:41:00+00:00,75.0999984741211,75.12999725341797,75.0,75.01499938964844,15865
2026-02-09 15:42:00+00:00,75.25180053710938,75.25180053710938,75.07499694824219,75.0999984741211,16423
2026-02-09 15:43:00+00:00,75.16000366210938,75.30000305175781,75.0999984741211,75.2228012084961,45014
2026-02-09 15:44:00+00:00,75.2218017578125,75.33000183105469,75.08000183105469,75.08999633789062,12837
2026-02-09 15:45:00+00:00,75.52999877929688,75.54000091552734,75.28500366210938,75.30000305175781,20016
2026-02-09 15:46:00+00:00,75.29759979248047,75.53500366210938,75.2750015258789,75.52999877929688,18009
2026-02-09 15:47:00+00:00,75.45999908447266,75.47000122070312,75.19999694824219,75.29000091552734,16334
2026-02-09 15:48:00+00:00,75.38999938964844,75.54000091552734,75.36499786376953,75.41500091552734,15030
2026-02-09 15:49:00+00:00,75.72989654541016,75.72989654541016,75.41999816894531,75.44000244140625,26270
2026-02-09 15:50:00+00:00,75.65499877929688,75.84539794921875,75.55010223388672,75.72989654541016,39080
2026-02-09 15:51:00+00:00,75.69499969482422,75.7300033569336,75.5916976928711,75.61000061035156,19587
2026-02-09 15:52:00+00:00,75.73500061035156,75.86859893798828,75.69000244140625,75.70999908447266,24744
2026-02-09 15:53:00+00:00,75.7699966430664,75.80999755859375,75.61360168457031,75.76000213623047,13771
2026-02-09 15:54:00+00:00,75.91500091552734,75.94000244140625,75.7300033569336,75.75,23619
2026-02-09 15:55:00+00:00,76.05500030517578,76.12999725341797,75.90709686279297,75.94499969482422,50572
2026-02-09 15:56:00+00:00,76.01000213623047,76.18000030517578,75.91999816894531,76.05500030517578,22639
2026-02-09 15:57:00+00:00,76.06950378417969,76.16999816894531,75.98999786376953,76.0260009765625,35663
2026-02-09 15:58:00+00:00,76.01000213623047,76.1500015258789,75.96949768066406,76.08499908447266,27169
2026-02-09 15:59:00+00:00,75.73999786376953,76.08999633789062,75.69999694824219,76.01000213623047,49951
2026-02-09 16:00:00+00:00,75.91000366210938,75.97000122070312,75.69999694824219,75.71499633789062,13521
2026-02-09 16:01:00+00:00,75.83000183105469,75.9800033569336,75.72000122070312,75.91000366210938,18174
2026-02-09 16:02:00+00:00,75.88999938964844,75.93000030517578,75.7300033569336,75.79000091552734,20249
2026-02-09 16:03:00+00:00,75.81999969482422,76.0,75.80999755859375,75.93499755859375,15170
2026-02-09 16:04:00+00:00,75.80509948730469,75.88999938964844,75.73999786376953,75.8218994140625,33222
2026-02-09 16:05:00+00:00,75.61499786376953,75.92500305175781,75.55999755859375,75.83999633789062,28691
2026-02-09 16:06:00+00:00,75.56230163574219,75.625,75.4000015258789,75.625,44610
2026-02-09 16:07:00+00:00,75.69999694824219,75.70999908447266,75.5,75.56500244140625,25646
2026-02-09 16:08:00+00:00,75.74009704589844,75.79000091552734,75.62010192871094,75.69000244140625,25732
2026-02-09 16:09:00+00:00,75.82499694824219,75.8499984741211,75.73999786376953,75.73999786376953,10993
2026-02-09 16:10:00+00:00,75.9000015258789,75.94920349121094,75.80000305175781,75.83499908447266,18091
2026-02-09 16:11:00+00:00,76.125,76.1500015258789,75.88999938964844,75.91500091552734,30669
2026-02-09 16:12:00+00:00,76.2489013671875,76.27850341796875,76.12000274658203,76.12999725341797,45822
2026-02-09 16:13:00+00:00,76.16000366210938,76.26010131835938,76.07009887695312,76.26000213623047,21038
2026-02-09 16:14:00+00:00,76.18499755859375,76.44999694824219,76.1500015258789,76.18000030517578,38923
2026-02-09 16:15:00+00:00,76.26000213623047,76.28980255126953,76.15180206298828,76.16999816894531,37978
2026-02-09 16:16:00+00:00,76.42759704589844,76.44999694824219,76.22000122070312,76.25,24715
2026-02-09 16:17:00+00:00,76.2300033569336,76.43000030517578,76.17259979248047,76.41000366210938,20128
2026-02-09 16:18:00+00:00,76.08999633789062,76.19000244140625,76.05000305175781,76.16000366210938,13753
2026-02-09 16:19:00+00:00,76.05000305175781,76.0999984741211,76.0199966430664,76.07499694824219,12218
2026-02-09 16:20:00+00:00,75.99500274658203,76.12000274658203,75.93000030517578,76.06500244140625,17259
2026-02-09 16:21:00+00:00,75.94999694824219,76.19999694824219,75.91000366210938,76.03990173339844,30391
2026-02-09 16:22:00+00:00,75.88999938964844,75.97000122070312,75.87999725341797,75.91999816894531,15396
2026-02-09 16:23:00+00:00,75.81999969482422,75.91999816894531,75.76000213623047,75.91999816894531,12031
2026-02-09 16:24:00+00:00,75.77999877929688,75.83999633789062,75.7238998413086,75.81999969482422,8169
2026-02-09 16:25:00+00:00,75.67780303955078,75.79010009765625,75.64299774169922,75.74500274658203,16235
2026-02-09 16:26:00+00:00,75.87000274658203,75.8949966430664,75.67500305175781,75.70999908447266,30187
2026-02-09 16:27:00+00:00,76.05000305175781,76.0999984741211,75.9000015258789,75.9000015258789,22870
2026-02-09 16:28:00+00:00,76.0,76.12000274658203,76.0,76.06430053710938,16188
2026-02-09 16:29:00+00:00,75.8499984741211,76.02999877929688,75.81999969482422,76.01000213623047,10312
2026-02-09 16:30:00+00:00,75.85420227050781,75.87989807128906,75.77999877929688,75.83000183105469,19418
2026-02-09 16:31:00+00:00,75.84500122070312,75.87999725341797,75.77999877929688,75.83000183105469,9962
2026-02-09 16:32:00+00:00,75.83499908447266,75.88999938964844,75.80000305175781,75.83499908447266,6114
2026-02-09 16:33:00+00:00,75.7699966430664,75.87999725341797,75.72000122070312,75.86000061035156,13542
2026-02-09 16:34:00+00:00,75.62999725341797,75.78299713134766,75.55000305175781,75.78299713134766,17095
2026-02-09 16:35:00+00:00,75.58499908447266,75.64749908447266,75.53009796142578,75.64749908447266,22964
2026-02-09 16:36:00+00:00,75.6500015258789,75.67990112304688,75.54759979248047,75.54759979248047,11157
2026-02-09 16:37:00+00:00,75.57160186767578,75.72000122070312,75.54000091552734,75.63999938964844,13857
2026-02-09 16:38:00+00:00,75.66500091552734,75.69000244140625,75.56880187988281,75.62000274658203,7987
2026-02-09 16:39:00+00:00,75.76000213623047,75.79000091552734,75.70500183105469,75.70500183105469,13922
2026-02-09 16:40:00+00:00,75.73999786376953,75.77999877929688,75.70999908447266,75.70999908447266,16005
2026-02-09 16:41:00+00:00,75.83930206298828,75.86990356445312,75.7300033569336,75.75,17025
2026-02-09 16:42:00+00:00,75.81999969482422,75.87770080566406,75.70999908447266,75.8499984741211,21342
2026-02-09 16:43:00+00:00,75.86499786376953,75.87000274658203,75.7249984741211,75.81999969482422,34003
2026-02-09 16:44:00+00:00,75.92379760742188,75.95999908447266,75.86499786376953,75.87999725341797,32662
2026-02-09 16:45:00+00:00,76.01499938964844,76.08509826660156,75.92500305175781,75.92500305175781,16752
2026-02-09 16:46:00+00:00,75.99500274658203,76.08999633789062,75.98500061035156,76.01499938964844,24891
2026-02-09 16:47:00+00:00,76.04499816894531,76.31999969482422,75.95980072021484,76.01000213623047,40401
2026-02-09 16:48:00+00:00,76.08999633789062,76.0999984741211,76.05500030517578,76.06999969482422,17019
2026-02-09 16:49:00+00:00,76.08000183105469,76.16999816894531,76.02999877929688,76.04000091552734,17382
2026-02-09 16:50:00+00:00,76.09159851074219,76.12000274658203,75.98999786376953,76.0989990234375,20138
2026-02-09 16:51:00+00:00,75.94999694824219,76.12999725341797,75.9000015258789,76.06500244140625,23221
2026-02-09 16:52:00+00:00,75.98999786376953,76.05000305175781,75.91000366210938,75.95500183105469,26906
2026-02-09 16:53:00+00:00,75.80999755859375,75.95500183105469,75.80999755859375,75.94999694824219,12222
2026-02-09 16:54:00+00:00,75.73999786376953,75.8550033569336,75.72000122070312,75.8499984741211,7301
2026-02-09 16:55:00+00:00,75.82499694824219,75.8499984741211,75.70999908447266,75.7300033569336,23733
2026-02-09 16:56:00+00:00,75.8949966430664,75.91999816894531,75.83999633789062,75.83999633789062,13561
2026-02-09 16:57:00+00:00,75.86000061035156,75.92500305175781,75.81999969482422,75.91000366210938,12494
2026-02-09 16:58:00+00:00,75.70500183105469,75.87999725341797,75.6500015258789,75.86000061035156,14290
2026-02-09 16:59:00+00:00,75.39009857177734,75.69999694824219,75.33000183105469,75.68000030517578,39114
2026-02-09 17:00:00+00:00,75.68250274658203,75.70999908447266,75.44000244140625,75.47850036621094,33697
2026-02-09 17:01:00+00:00,75.68250274658203,75.70999908447266,75.5999984741211,75.68000030517578,20553
2026-02-09 17:02:00+00:00,75.70999908447266,75.73999786376953,75.66500091552734,75.69499969482422,24886
2026-02-09 17:03:00+00:00,75.7750015258789,75.79000091552734,75.7123031616211,75.71610260009766,11111
2026-02-09 17:04:00+00:00,75.8207015991211,75.8499984741211,75.73999786376953,75.78990173339844,9591
2026-02-09 17:05:00+00:00,75.76750183105469,75.82749938964844,75.68000030517578,75.80000305175781,10911
2026-02-09 17:06:00+00:00,75.85690307617188,75.85690307617188,75.76000213623047,75.76000213623047,16413
2026-02-09 17:07:00+00:00,75.8499984741211,75.85990142822266,75.81099700927734,75.83000183105469,6400
2026-02-09 17:08:00+00:00,75.8499984741211,75.86000061035156,75.80999755859375,75.81500244140625,6581
2026-02-09 17:09:00+00:00,75.91000366210938,75.94960021972656,75.80999755859375,75.8550033569336,14984
2026-02-09 17:10:00+00:00,75.88500213623047,75.95999908447266,75.87999725341797,75.94499969482422,10392
2026-02-09 17:11:00+00:00,75.91000366210938,75.96009826660156,75.86000061035156,75.91000366210938,8782
2026-02-09 17:12:00+00:00,75.94740295410156,75.98999786376953,75.9000015258789,75.93000030517578,7124
2026-02-09 17:13:00+00:00,75.80000305175781,75.94999694824219,75.79000091552734,75.94000244140625,11687
2026-02-09 17:14:00+00:00,75.73999786376953,75.77999877929688,75.7020034790039,75.77999877929688,13787
2026-02-09 17:15:00+00:00,75.87000274658203,75.87319946289062,75.68499755859375,75.69999694824219,9710
2026-02-09 17:16:00+00:00,75.8499984741211,75.94999694824219,75.80000305175781,75.88999938964844,18259
2026-02-09 17:17:00+00:00,75.91000366210938,75.91000366210938,75.80000305175781,75.875,5619
2026-02-09 17:18:00+00:00,75.83000183105469,75.92990112304688,75.83000183105469,75.8949966430664,7055
2026-02-09 17:19:00+00:00,75.83999633789062,75.91000366210938,75.83999633789062,75.91000366210938,3670
2026-02-09 17:20:00+00:00,75.76719665527344,75.8280029296875,75.76719665527344,75.81500244140625,11882
2026-02-09 17:21:00+00:00,75.76000213623047,75.77999877929688,75.7300033569336,75.7699966430664,11586
2026-02-09 17:22:00+00:00,75.80999755859375,75.80999755859375,75.73999786376953,75.7750015258789,10305
2026-02-09 17:23:00+00:00,75.83000183105469,75.83999633789062,75.73500061035156,75.7957992553711,4985
2026-02-09 17:24:00+00:00,75.83000183105469,75.87950134277344,75.80500030517578,75.8197021484375,8479
2026-02-09 17:25:00+00:00,75.68990325927734,75.8499984741211,75.68000030517578,75.82099914550781,10388
2026-02-09 17:26:00+00:00,75.58999633789062,75.66999816894531,75.44969940185547,75.62999725341797,31381
2026-02-09 17:27:00+00:00,75.52909851074219,75.60800170898438,75.48999786376953,75.5999984741211,19751
2026-02-09 17:28:00+00:00,75.55000305175781,75.5999984741211,75.5,75.5000991821289,12536
2026-02-09 17:29:00+00:00,75.63990020751953,75.63990020751953,75.51000213623047,75.5199966430664,8526
2026-02-09 17:30:00+00:00,75.66000366210938,75.73999786376953,75.61000061035156,75.625,20450
2026-02-09 17:31:00+00:00,75.71749877929688,75.75,75.66999816894531,75.68000030517578,12164
2026-02-09 17:32:00+00:00,75.87000274658203,75.9000015258789,75.68000030517578,75.68000030517578,38339
2026-02-09 17:33:00+00:00,75.8499984741211,75.9000015258789,75.80000305175781,75.9000015258789,13133
2026-02-09 17:34:00+00:00,75.72000122070312,75.8499984741211,75.72000122070312,75.8499984741211,7315
2026-02-09 17:35:00+00:00,75.77999877929688,75.77999877929688,75.63680267333984,75.69999694824219,15692
2026-02-09 17:36:00+00:00,75.7699966430664,75.82499694824219,75.7300033569336,75.77999877929688,19828
2026-02-09 17:37:00+00:00,75.73999786376953,75.76499938964844,75.72250366210938,75.76499938964844,5605
2026-02-09 17:38:00+00:00,75.70500183105469,75.7699966430664,75.68000030517578,75.74500274658203,17170
2026-02-09 17:39:00+00:00,75.74500274658203,75.7699966430664,75.6449966430664,75.72000122070312,10914
2026-02-09 17:40:00+00:00,75.67500305175781,75.71499633789062,75.66480255126953,75.71499633789062,10411
2026-02-09 17:41:00+00:00,75.69000244140625,75.7300033569336,75.66500091552734,75.66999816894531,8725
2026-02-09 17:42:00+00:00,75.6500015258789,75.69000244140625,75.5999984741211,75.66999816894531,14734
2026-02-09 17:43:00+00:00,75.5999984741211,75.625,75.5199966430664,75.62200164794922,10894
2026-02-09 17:44:00+00:00,75.68000030517578,75.72000122070312,75.58999633789062,75.5999984741211,12284
2026-02-09 17:45:00+00:00,75.72000122070312,75.72000122070312,75.6500015258789,75.69000244140625,8535
2026-02-09 17:46:00+00:00,75.61389923095703,75.71499633789062,75.61000061035156,75.71499633789062,20513
2026-02-09 17:47:00+00:00,75.55000305175781,75.63999938964844,75.54000091552734,75.62000274658203,5557
2026-02-09 17:48:00+00:00,75.5,75.55899810791016,75.4800033569336,75.54940032958984,20365
2026-02-09 17:49:00+00:00,75.52999877929688,75.55000305175781,75.43000030517578,75.51000213623047,12900
2026-02-09 17:50:00+00:00,75.48999786376953,75.53500366210938,75.4749984741211,75.53500366210938,10560
2026-02-09 17:51:00+00:00,75.56929779052734,75.5999984741211,75.48999786376953,75.48999786376953,14745
2026-02-09 17:52:00+00:00,75.6500015258789,75.6500015258789,75.56999969482422,75.56999969482422,4479
2026-02-09 17:53:00+00:00,75.59500122070312,75.66000366210938,75.56500244140625,75.66000366210938,7926
2026-02-09 17:54:00+00:00,75.63500213623047,75.63999938964844,75.53299713134766,75.58999633789062,10363
2026-02-09 17:55:00+00:00,75.58989715576172,75.62149810791016,75.57499694824219,75.61499786376953,8918
2026-02-09 17:56:00+00:00,75.55999755859375,75.58999633789062,75.46330261230469,75.58000183105469,10602
2026-02-09 17:57:00+00:00,75.59500122070312,75.61299896240234,75.53009796142578,75.55850219726562,3838
2026-02-09 17:58:00+00:00,75.33000183105469,75.55000305175781,75.30000305175781,75.55000305175781,13980
2026-02-09 17:59:00+00:00,75.32720184326172,75.45989990234375,75.32499694824219,75.33000183105469,14199
2026-02-09 18:00:00+00:00,75.27330017089844,75.33999633789062,75.26860046386719,75.31999969482422,20053
2026-02-09 18:01:00+00:00,75.30999755859375,75.35070037841797,75.27999877929688,75.29499816894531,11364
2026-02-09 18:02:00+00:00,75.51000213623047,75.54000091552734,75.31749725341797,75.31749725341797,22330
2026-02-09 18:03:00+00:00,75.56500244140625,75.62999725341797,75.51499938964844,75.58000183105469,20292
2026-02-09 18:04:00+00:00,75.41000366210938,75.58999633789062,75.38770294189453,75.58999633789062,11614
2026-02-09 18:05:00+00:00,75.39289855957031,75.41000366210938,75.30500030517578,75.41000366210938,9197
2026-02-09 18:06:00+00:00,75.44989776611328,75.44989776611328,75.32499694824219,75.36000061035156,10778
2026-02-09 18:07:00+00:00,75.375,75.44999694824219,75.375,75.4000015258789,10374
2026-02-09 18:08:00+00:00,75.42769622802734,75.45999908447266,75.2511978149414,75.35009765625,15646
2026-02-09 18:09:00+00:00,75.41999816894531,75.50499725341797,75.4000015258789,75.4000015258789,16588
2026-02-09 18:10:00+00:00,75.38899993896484,75.43000030517578,75.38009643554688,75.42500305175781,6871
2026-02-09 18:11:00+00:00,75.4406967163086,75.4800033569336,75.41999816894531,75.41999816894531,35625
2026-02-09 18:12:00+00:00,75.43499755859375,75.45999908447266,75.38999938964844,75.42500305175781,6986
2026-02-09 18:13:00+00:00,75.45999908447266,75.45999908447266,75.37999725341797,75.43000030517578,17356
2026-02-09 18:14:00+00:00,75.54499816894531,75.56999969482422,75.44999694824219,75.44999694824219,11033
2026-02-09 18:15:00+00:00,75.44000244140625,75.53849792480469,75.4000015258789,75.53849792480469,9866
2026-02-09 18:16:00+00:00,75.3550033569336,75.42990112304688,75.30999755859375,75.42990112304688,6677
2026-02-09 18:17:00+00:00,75.41000366210938,75.43000030517578,75.33000183105469,75.3550033569336,15284
2026-02-09 18:18:00+00:00,75.49500274658203,75.55000305175781,75.37999725341797,75.41999816894531,9088
2026-02-09 18:19:00+00:00,75.50499725341797,75.5199966430664,75.47000122070312,75.5,11981
2026-02-09 18:20:00+00:00,75.55989837646484,75.58999633789062,75.52999877929688,75.52999877929688,12001
2026-02-09 18:21:00+00:00,74.72000122070312,75.58499908447266,74.41000366210938,75.58000183105469,194494
2026-02-09 18:22:00+00:00,74.875,75.05000305175781,74.55999755859375,74.62000274658203,64577
2026-02-09 18:23:00+00:00,75.02999877929688,75.05999755859375,74.80400085449219,74.83999633789062,25351
2026-02-09 18:24:00+00:00,74.95500183105469,75.0999984741211,74.88999938964844,75.00879669189453,25204
2026-02-09 18:25:00+00:00,74.9198989868164,75.01000213623047,74.83000183105469,74.9800033569336,14238
2026-02-09 18:26:00+00:00,75.01950073242188,75.08999633789062,74.94999694824219,74.9800033569336,18801
2026-02-09 18:27:00+00:00,74.9800033569336,75.05999755859375,74.95999908447266,75.0199966430664,9898
2026-02-09 18:28:00+00:00,75.0,75.05999755859375,74.87999725341797,74.98870086669922,10063
2026-02-09 18:29:00+00:00,75.0022964477539,75.04000091552734,74.95999908447266,74.98999786376953,12869
2026-02-09 18:30:00+00:00,75.06999969482422,75.27999877929688,74.8499984741211,75.04000091552734,42689
2026-02-09 18:31:00+00:00,75.13999938964844,75.17500305175781,74.98999786376953,75.12999725341797,13127
2026-02-09 18:32:00+00:00,75.33999633789062,75.33999633789062,75.13999938964844,75.13999938964844,20231
2026-02-09 18:33:00+00:00,75.36000061035156,75.41000366210938,75.2699966430664,75.32499694824219,18858
2026-02-09 18:34:00+00:00,75.2699966430664,75.3499984741211,75.19000244140625,75.33000183105469,23050
2026-02-09 18:35:00+00:00,75.37999725341797,75.37999725341797,75.19000244140625,75.36000061035156,9626
2026-02-09 18:36:00+00:00,75.4542007446289,75.45999908447266,75.30999755859375,75.33000183105469,18416
2026-02-09 18:37:00+00:00,75.44999694824219,75.49500274658203,75.37560272216797,75.49500274658203,23277
2026-02-09 18:38:00+00:00,75.37000274658203,75.47000122070312,75.31999969482422,75.43000030517578,15079
2026-02-09 18:39:00+00:00,75.58000183105469,75.58000183105469,75.37000274658203,75.37000274658203,17412
2026-02-09 18:40:00+00:00,75.41950225830078,75.5999984741211,75.4000015258789,75.5999984741211,9485
2026-02-09 18:41:00+00:00,75.47000122070312,75.48999786376953,75.42720031738281,75.42720031738281,3566
2026-02-09 18:42:00+00:00,75.37200164794922,75.47000122070312,75.3499984741211,75.45999908447266,6070
2026-02-09 18:43:00+00:00,75.48999786376953,75.48999786376953,75.33999633789062,75.3499984741211,5169
2026-02-09 18:44:00+00:00,75.5250015258789,75.54000091552734,75.5199966430664,75.54000091552734,4963
2026-02-09 18:45:00+00:00,75.36000061035156,75.51499938964844,75.33000183105469,75.51499938964844,8342
2026-02-09 18:46:00+00:00,75.37999725341797,75.43990325927734,75.33000183105469,75.3843002319336,14590
2026-02-09 18:47:00+00:00,75.4999008178711,75.5,75.30999755859375,75.375,9700
2026-02-09 18:48:00+00:00,75.58499908447266,75.6500015258789,75.52999877929688,75.52999877929688,3304559
2026-02-09 18:49:00+00:00,75.58399963378906,75.75,75.58000183105469,75.58499908447266,0
2026-02-09 18:50:00+00:00,75.42009735107422,75.60900115966797,75.42009735107422,75.58000183105469,16488
2026-02-09 18:51:00+00:00,75.65670013427734,75.68000030517578,75.44000244140625,75.44270324707031,17134
2026-02-09 18:52:00+00:00,75.67500305175781,75.7300033569336,75.6500015258789,75.68000030517578,18361
2026-02-09 18:53:00+00:00,75.61000061035156,75.69999694824219,75.61000061035156,75.66999816894531,15617
2026-02-09 18:54:00+00:00,75.48999786376953,75.61000061035156,75.4800033569336,75.61000061035156,8614
2026-02-09 18:55:00+00:00,75.47000122070312,75.48999786376953,75.37039947509766,75.45999908447266,9964
2026-02-09 18:56:00+00:00,75.59100341796875,75.6500015258789,75.48999786376953,75.5199966430664,10470
2026-02-09 18:57:00+00:00,75.70999908447266,75.70999908447266,75.58999633789062,75.61000061035156,18021
2026-02-09 18:58:00+00:00,75.6050033569336,75.74700164794922,75.5999984741211,75.70099639892578,11235
2026-02-09 18:59:00+00:00,75.69000244140625,75.69000244140625,75.58499908447266,75.61000061035156,6913
2026-02-09 19:00:00+00:00,75.51249694824219,75.66999816894531,75.4800033569336,75.63999938964844,16599
2026-02-09 19:01:00+00:00,75.5199966430664,75.58000183105469,75.51249694824219,75.51249694824219,4725
2026-02-09 19:02:00+00:00,75.63999938964844,75.7300033569336,75.5250015258789,75.5250015258789,34250
2026-02-09 19:03:00+00:00,75.7249984741211,75.80000305175781,75.5999984741211,75.66999816894531,12204
2026-02-09 19:04:00+00:00,75.72000122070312,75.75,75.66999816894531,75.7249984741211,10593
2026-02-09 19:05:00+00:00,75.69499969482422,75.72000122070312,75.58999633789062,75.70999908447266,10797
2026-02-09 19:06:00+00:00,75.75,75.76000213623047,75.7030029296875,75.70999908447266,9031
2026-02-09 19:07:00+00:00,75.68499755859375,75.73999786376953,75.66010284423828,75.70719909667969,5626
2026-02-09 19:08:00+00:00,75.73919677734375,75.73999786376953,75.6500015258789,75.68000030517578,5962
2026-02-09 19:09:00+00:00,75.69840240478516,75.75,75.69840240478516,75.74500274658203,7388
2026-02-09 19:10:00+00:00,75.63999938964844,75.69999694824219,75.59010314941406,75.69000244140625,8621
2026-02-09 19:11:00+00:00,75.65399932861328,75.65399932861328,75.59010314941406,75.61979675292969,3188
2026-02-09 19:12:00+00:00,75.76499938964844,75.86000061035156,75.62010192871094,75.6500015258789,21121
2026-02-09 19:13:00+00:00,75.68000030517578,75.7699966430664,75.64009857177734,75.74500274658203,9232
2026-02-09 19:14:00+00:00,75.625,75.75,75.6166000366211,75.7300033569336,10422
2026-02-09 19:15:00+00:00,75.66999816894531,75.69000244140625,75.55999755859375,75.61000061035156,12776
2026-02-09 19:16:00+00:00,75.79000091552734,75.80000305175781,75.6624984741211,75.6624984741211,20018
2026-02-09 19:17:00+00:00,75.7699966430664,75.81999969482422,75.69000244140625,75.78500366210938,10594
2026-02-09 19:18:00+00:00,75.73999786376953,75.80000305175781,75.70999908447266,75.77010345458984,8340
2026-02-09 19:19:00+00:00,75.68000030517578,75.71959686279297,75.6614990234375,75.70999908447266,3584
2026-02-09 19:20:00+00:00,75.70999908447266,75.7699966430664,75.66999816894531,75.67530059814453,8925
2026-02-09 19:21:00+00:00,75.65950012207031,75.7699966430664,75.65950012207031,75.69999694824219,8121
2026-02-09 19:22:00+00:00,75.71499633789062,75.72000122070312,75.6500015258789,75.68000030517578,10203
2026-02-09 19:23:00+00:00,75.80000305175781,75.81999969482422,75.7522964477539,75.7699966430664,18492
2026-02-09 19:24:00+00:00,75.92829895019531,75.95999908447266,75.78009796142578,75.83999633789062,30951
2026-02-09 19:25:00+00:00,75.9800033569336,76.0,75.91000366210938,75.95359802246094,19068
2026-02-09 19:26:00+00:00,76.12999725341797,76.1500015258789,75.9800033569336,75.9800033569336,60299
2026-02-09 19:27:00+00:00,76.12999725341797,76.19999694824219,76.09049987792969,76.13999938964844,28558
2026-02-09 19:28:00+00:00,76.08000183105469,76.13999938964844,76.06999969482422,76.13999938964844,8041
2026-02-09 19:29:00+00:00,76.08000183105469,76.11990356445312,76.04920196533203,76.06999969482422,11192
2026-02-09 19:30:00+00:00,76.08999633789062,76.22000122070312,76.07499694824219,76.07499694824219,18546
2026-02-09 19:31:00+00:00,76.08000183105469,76.16000366210938,76.03690338134766,76.08499908447266,10322
2026-02-09 19:32:00+00:00,76.16500091552734,76.18000030517578,76.09770202636719,76.09770202636719,10940
2026-02-09 19:33:00+00:00,76.18479919433594,76.21800231933594,76.16010284423828,76.16500091552734,8875
2026-02-09 19:34:00+00:00,76.279296875,76.36000061035156,76.19000244140625,76.19000244140625,18941
2026-02-09 19:35:00+00:00,76.36000061035156,76.36000061035156,76.26000213623047,76.302001953125,22114
2026-02-09 19:36:00+00:00,76.38500213623047,76.38999938964844,76.31500244140625,76.36000061035156,21515
2026-02-09 19:37:00+00:00,76.375,76.41999816894531,76.33000183105469,76.39990234375,35636
2026-02-09 19:38:00+00:00,76.25900268554688,76.41000366210938,76.19010162353516,76.37999725341797,29979
2026-02-09 19:39:00+00:00,76.2863998413086,76.31990051269531,76.21739959716797,76.26000213623047,10286
2026-02-09 19:40:00+00:00,76.20030212402344,76.27999877929688,76.16999816894531,76.27999877929688,11170
2026-02-09 19:41:00+00:00,76.37000274658203,76.37000274658203,76.22200012207031,76.23999786376953,8882
2026-02-09 19:42:00+00:00,76.38999938964844,76.44000244140625,76.3479995727539,76.3499984741211,15882
2026-02-09 19:43:00+00:00,76.33000183105469,76.38500213623047,76.31999969482422,76.38500213623047,12135
2026-02-09 19:44:00+00:00,76.13999938964844,76.37999725341797,76.13999938964844,76.3499984741211,14813
2026-02-09 19:45:00+00:00,76.13999938964844,76.19000244140625,76.12000274658203,76.16000366210938,19038
2026-02-09 19:46:00+00:00,76.14800262451172,76.19000244140625,76.02999877929688,76.08499908447266,11798
2026-02-09 19:47:00+00:00,76.14430236816406,76.18000030517578,76.09190368652344,76.15499877929688,10523
2026-02-09 19:48:00+00:00,76.11000061035156,76.12000274658203,76.06999969482422,76.08999633789062,4360
2026-02-09 19:49:00+00:00,76.0999984741211,76.12000274658203,76.05000305175781,76.0999984741211,6327
2026-02-09 19:50:00+00:00,76.08999633789062,76.12000274658203,76.06999969482422,76.12000274658203,4350
2026-02-09 19:51:00+00:00,75.93499755859375,76.0999984741211,75.93000030517578,76.06999969482422,9274
2026-02-09 19:52:00+00:00,76.0250015258789,76.05999755859375,75.94499969482422,75.98999786376953,13252
2026-02-09 19:53:00+00:00,76.01000213623047,76.04920196533203,76.0,76.0000991821289,9919
2026-02-09 19:54:00+00:00,76.13999938964844,76.16999816894531,75.98999786376953,76.02999877929688,38320
2026-02-09 19:55:00+00:00,76.19000244140625,76.19999694824219,76.11000061035156,76.12000274658203,10936
2026-02-09 19:56:00+00:00,76.11900329589844,76.1989974975586,76.0698013305664,76.17559814453125,6659
2026-02-09 19:57:00+00:00,76.22000122070312,76.2699966430664,76.12000274658203,76.12000274658203,38729
2026-02-09 19:58:00+00:00,76.12830352783203,76.16999816894531,76.05000305175781,76.16999816894531,6296
2026-02-09 19:59:00+00:00,76.1500015258789,76.18000030517578,76.11000061035156,76.13999938964844,10644
2026-02-09 20:00:00+00:00,76.0,76.11000061035156,75.77999877929688,76.11000061035156,41567
2026-02-09 20:01:00+00:00,76.1708984375,76.1708984375,75.9800033569336,76.01000213623047,15095
2026-02-09 20:02:00+00:00,76.32499694824219,76.3499984741211,76.16500091552734,76.16500091552734,16605
2026-02-09 20:03:00+00:00,76.28500366210938,76.4000015258789,76.26809692382812,76.3301010131836,12795
2026-02-09 20:04:00+00:00,76.2699966430664,76.33999633789062,76.19999694824219,76.30000305175781,11359
2026-02-09 20:05:00+00:00,76.33989715576172,76.33989715576172,76.25499725341797,76.25499725341797,16542
2026-02-09 20:06:00+00:00,76.44000244140625,76.44000244140625,76.36499786376953,76.37000274658203,34500
2026-02-09 20:07:00+00:00,76.41000366210938,76.45999908447266,76.3301010131836,76.44000244140625,14418
2026-02-09 20:08:00+00:00,76.36000061035156,76.41500091552734,76.34010314941406,76.4000015258789,6192
2026-02-09 20:09:00+00:00,76.27619934082031,76.36990356445312,76.25499725341797,76.36000061035156,11494
2026-02-09 20:10:00+00:00,76.20999908447266,76.28179931640625,76.18009948730469,76.27940368652344,9159
2026-02-09 20:11:00+00:00,76.16000366210938,76.2863998413086,76.15010070800781,76.21499633789062,19541
2026-02-09 20:12:00+00:00,76.19999694824219,76.25,76.16000366210938,76.18000030517578,8602
2026-02-09 20:13:00+00:00,76.17500305175781,76.23999786376953,76.1500015258789,76.19999694824219,14485
2026-02-09 20:14:00+00:00,76.12999725341797,76.16000366210938,76.11000061035156,76.1239013671875,10402
2026-02-09 20:15:00+00:00,76.05999755859375,76.14990234375,75.98999786376953,76.14990234375,16281
2026-02-09 20:16:00+00:00,76.05500030517578,76.12000274658203,76.02999877929688,76.05999755859375,13914
2026-02-09 20:17:00+00:00,76.08000183105469,76.0999984741211,76.05000305175781,76.0833969116211,11224
2026-02-09 20:18:00+00:00,76.12000274658203,76.12239837646484,76.02999877929688,76.02999877929688,12817
2026-02-09 20:19:00+00:00,76.11499786376953,76.12999725341797,76.05500030517578,76.08059692382812,12436
2026-02-09 20:20:00+00:00,76.19999694824219,76.22000122070312,76.11499786376953,76.11499786376953,11468
2026-02-09 20:21:00+00:00,76.25499725341797,76.26000213623047,76.17500305175781,76.20500183105469,10631
2026-02-09 20:22:00+00:00,76.33999633789062,76.36039733886719,76.26000213623047,76.2750015258789,15117
2026-02-09 20:23:00+00:00,76.33000183105469,76.36000061035156,76.28500366210938,76.31999969482422,12102
2026-02-09 20:24:00+00:00,76.38999938964844,76.44000244140625,76.31999969482422,76.34339904785156,14209
2026-02-09 20:25:00+00:00,76.33000183105469,76.37999725341797,76.31500244140625,76.375,11501
2026-02-09 20:26:00+00:00,76.29840087890625,76.36000061035156,76.26000213623047,76.33499908447266,10026
2026-02-09 20:27:00+00:00,76.33999633789062,76.37999725341797,76.30000305175781,76.31999969482422,7938
2026-02-09 20:28:00+00:00,76.44999694824219,76.44999694824219,76.30999755859375,76.33000183105469,22370
2026-02-09 20:29:00+00:00,76.19000244140625,76.44999694824219,76.19000244140625,76.44999694824219,23017
2026-02-09 20:30:00+00:00,76.22000122070312,76.23999786376953,75.9000015258789,76.18000030517578,78020
2026-02-09 20:31:00+00:00,76.32859802246094,76.32859802246094,76.22000122070312,76.23999786376953,14697
2026-02-09 20:32:00+00:00,76.44999694824219,76.44999694824219,76.30000305175781,76.36000061035156,22059
2026-02-09 20:33:00+00:00,76.47000122070312,76.47000122070312,76.37999725341797,76.44499969482422,17821
2026-02-09 20:34:00+00:00,76.44999694824219,76.46690368652344,76.37000274658203,76.44999694824219,9866
2026-02-09 20:35:00+00:00,76.58000183105469,76.58999633789062,76.44499969482422,76.45249938964844,53417
2026-02-09 20:36:00+00:00,76.62000274658203,76.63999938964844,76.52999877929688,76.58000183105469,55749
2026-02-09 20:37:00+00:00,76.54000091552734,76.62300109863281,76.5199966430664,76.62300109863281,37280
2026-02-09 20:38:00+00:00,76.4800033569336,76.54000091552734,76.45140075683594,76.5199966430664,40560
2026-02-09 20:39:00+00:00,76.66999816894531,76.66999816894531,76.37999725341797,76.48999786376953,25147
2026-02-09 20:40:00+00:00,76.62999725341797,76.7750015258789,76.5999984741211,76.62999725341797,29938
2026-02-09 20:41:00+00:00,76.68000030517578,76.69000244140625,76.55999755859375,76.63990020751953,18751
2026-02-09 20:42:00+00:00,76.76360321044922,76.77999877929688,76.68499755859375,76.69000244140625,36850
2026-02-09 20:43:00+00:00,76.62999725341797,76.7300033569336,76.62000274658203,76.7300033569336,12927
2026-02-09 20:44:00+00:00,76.69999694824219,76.72000122070312,76.63999938964844,76.6500015258789,12804
2026-02-09 20:45:00+00:00,76.75,76.79000091552734,76.69999694824219,76.69999694824219,32686
2026-02-09 20:46:00+00:00,76.64099884033203,76.77999877929688,76.61000061035156,76.74500274658203,17797
2026-02-09 20:47:00+00:00,76.62000274658203,76.69999694824219,76.5999984741211,76.66000366210938,14257
2026-02-09 20:48:00+00:00,76.5999984741211,76.66000366210938,76.56999969482422,76.62999725341797,17665
2026-02-09 20:49:00+00:00,76.58779907226562,76.62999725341797,76.55999755859375,76.62000274658203,16643
2026-02-09 20:50:00+00:00,76.65499877929688,76.72000122070312,76.5999984741211,76.5999984741211,27509
2026-02-09 20:51:00+00:00,76.73500061035156,76.7488021850586,76.6500015258789,76.66000366210938,32759
2026-02-09 20:52:00+00:00,76.6500015258789,76.80000305175781,76.6500015258789,76.75,53539
2026-02-09 20:53:00+00:00,76.55999755859375,76.66000366210938,76.54000091552734,76.6500015258789,25030
2026-02-09 20:54:00+00:00,76.3635025024414,76.62000274658203,76.30999755859375,76.58999633789062,70882
2026-02-09 20:55:00+00:00,76.05000305175781,76.33999633789062,75.95999908447266,76.33999633789062,133083
2026-02-09 20:56:00+00:00,76.0199966430664,76.05000305175781,75.94999694824219,76.0199966430664,45271
2026-02-09 20:57:00+00:00,76.0,76.02999877929688,75.93009948730469,76.01499938964844,51563
2026-02-09 20:58:00+00:00,76.02999877929688,76.08499908447266,75.94999694824219,76.0,65151
2026-02-09 20:59:00+00:00,75.81999969482422,76.0199966430664,75.81999969482422,76.0199966430664,138185
2026-02-10 14:30:00+00:00,73.83000183105469,74.61000061035156,73.51129913330078,74.59500122070312,424656
2026-02-10 14:31:00+00:00,74.74009704589844,74.94999694824219,73.73500061035156,73.83000183105469,183663
2026-02-10 14:32:00+00:00,74.6500015258789,75.11000061035156,74.5,74.95429992675781,78894
2026-02-10 14:33:00+00:00,74.19499969482422,74.7322006225586,73.86000061035156,74.69999694824219,54794
2026-02-10 14:34:00+00:00,74.58000183105469,74.58000183105469,74.0,74.1500015258789,52804
2026-02-10 14:35:00+00:00,75.47979736328125,75.48989868164062,74.62999725341797,74.68000030517578,49125
2026-02-10 14:36:00+00:00,75.1050033569336,75.48989868164062,74.9800033569336,75.45999908447266,86410
2026-02-10 14:37:00+00:00,74.2699966430664,75.17369842529297,74.20010375976562,75.17369842529297,82095
2026-02-10 14:38:00+00:00,74.16999816894531,74.55000305175781,74.16999816894531,74.2699966430664,45687
2026-02-10 14:39:00+00:00,74.1438980102539,74.4188003540039,74.0,74.11499786376953,52336
2026-02-10 14:40:00+00:00,73.54000091552734,74.02999877929688,73.44000244140625,74.0,92168
2026-02-10 14:41:00+00:00,73.02999877929688,73.56999969482422,72.83000183105469,73.54000091552734,136899
2026-02-10 14:42:00+00:00,73.11979675292969,73.30000305175781,72.91999816894531,73.02999877929688,60032
2026-02-10 14:43:00+00:00,73.30999755859375,73.5,73.12000274658203,73.125,33182
2026-02-10 14:44:00+00:00,73.43450164794922,73.48999786376953,73.18070220947266,73.31999969482422,47199
2026-02-10 14:45:00+00:00,72.51139831542969,73.50830078125,72.44999694824219,73.33999633789062,114549
2026-02-10 14:46:00+00:00,72.4561996459961,72.77999877929688,72.4000015258789,72.53500366210938,47005
2026-02-10 14:47:00+00:00,72.31999969482422,72.58000183105469,72.2699966430664,72.58000183105469,87634
2026-02-10 14:48:00+00:00,72.7699966430664,72.9000015258789,72.44999694824219,72.44999694824219,813861
2026-02-10 14:49:00+00:00,72.91729736328125,72.96369934082031,72.76000213623047,72.77999877929688,0
2026-02-10 14:50:00+00:00,73.3499984741211,73.41999816894531,72.91999816894531,72.91999816894531,50617
2026-02-10 14:51:00+00:00,73.21749877929688,73.42829895019531,73.1500015258789,73.36000061035156,32172
2026-02-10 14:52:00+00:00,73.44999694824219,73.46499633789062,73.01010131835938,73.2249984741211,27652
2026-02-10 14:53:00+00:00,73.69840240478516,73.81990051269531,73.41000366210938,73.45850372314453,58920
2026-02-10 14:54:00+00:00,73.69000244140625,73.78910064697266,73.5999984741211,73.71649932861328,37098
2026-02-10 14:55:00+00:00,74.28500366210938,74.31999969482422,73.73999786376953,73.73999786376953,61351
2026-02-10 14:56:00+00:00,74.09649658203125,74.41600036621094,73.98500061035156,74.29000091552734,49674
2026-02-10 14:57:00+00:00,74.19090270996094,74.23999786376953,73.95500183105469,74.10990142822266,37123
2026-02-10 14:58:00+00:00,74.19000244140625,74.23500061035156,74.04499816894531,74.2300033569336,25656
2026-02-10 14:59:00+00:00,73.64759826660156,74.19000244140625,73.62999725341797,74.19000244140625,51841
2026-02-10 15:00:00+00:00,73.78500366210938,73.8499984741211,73.62999725341797,73.73999786376953,30149
2026-02-10 15:01:00+00:00,73.61000061035156,73.83470153808594,73.5999984741211,73.79000091552734,14165
2026-02-10 15:02:00+00:00,73.7699966430664,73.83000183105469,73.5999984741211,73.65499877929688,25112
2026-02-10 15:03:00+00:00,73.8499984741211,73.91999816894531,73.6500015258789,73.71499633789062,16865
2026-02-10 15:04:00+00:00,73.76000213623047,73.87999725341797,73.69999694824219,73.84500122070312,35058
2026-02-10 15:05:00+00:00,73.91500091552734,73.91999816894531,73.70010375976562,73.79000091552734,13560
2026-02-10 15:06:00+00:00,74.36199951171875,74.45999908447266,73.87000274658203,73.91000366210938,46876
2026-02-10 15:07:00+00:00,74.4800033569336,74.58999633789062,74.28009796142578,74.36000061035156,37462
2026-02-10 15:08:00+00:00,74.3499984741211,74.45999908447266,74.29000091552734,74.41000366210938,29759
2026-02-10 15:09:00+00:00,74.33499908447266,74.44999694824219,74.27040100097656,74.41999816894531,14332
2026-02-10 15:10:00+00:00,74.63500213623047,74.63500213623047,74.30999755859375,74.31999969482422,20099
2026-02-10 15:11:00+00:00,74.40499877929688,74.72000122070312,74.40499877929688,74.62999725341797,32256
2026-02-10 15:12:00+00:00,74.36499786376953,74.55000305175781,74.25,74.48909759521484,18914
2026-02-10 15:13:00+00:00,74.19999694824219,74.4000015258789,74.16999816894531,74.4000015258789,25851
2026-02-10 15:14:00+00:00,74.37999725341797,74.38999938964844,74.03009796142578,74.12999725341797,17641
2026-02-10 15:15:00+00:00,73.94999694824219,74.37999725341797,73.86000061035156,74.37999725341797,29570
2026-02-10 15:16:00+00:00,74.16500091552734,74.1719970703125,73.94309997558594,74.05000305175781,16557
2026-02-10 15:17:00+00:00,74.16000366210938,74.22010040283203,74.01000213623047,74.14849853515625,14244
2026-02-10 15:18:00+00:00,74.33999633789062,74.41549682617188,74.02999877929688,74.13500213623047,19619
2026-02-10 15:19:00+00:00,74.13999938964844,74.30999755859375,74.0801010131836,74.30999755859375,6920
2026-02-10 15:20:00+00:00,73.87129974365234,74.17500305175781,73.80000305175781,74.17500305175781,23581
2026-02-10 15:21:00+00:00,74.11000061035156,74.22989654541016,73.92500305175781,73.95999908447266,18021
2026-02-10 15:22:00+00:00,74.1676025390625,74.2699966430664,74.05999755859375,74.13990020751953,14308
2026-02-10 15:23:00+00:00,74.08999633789062,74.19999694824219,73.98999786376953,74.12999725341797,22704
2026-02-10 15:24:00+00:00,73.6050033569336,74.13999938964844,73.54000091552734,74.11990356445312,32464
2026-02-10 15:25:00+00:00,73.83000183105469,73.88999938964844,73.52799987792969,73.54969787597656,20360
2026-02-10 15:26:00+00:00,73.9000015258789,73.94989776611328,73.7699966430664,73.86000061035156,12424
2026-02-10 15:27:00+00:00,74.05999755859375,74.1050033569336,73.83999633789062,73.93499755859375,25059
2026-02-10 15:28:00+00:00,73.88999938964844,74.06999969482422,73.8750991821289,74.03500366210938,16966
2026-02-10 15:29:00+00:00,74.02999877929688,74.07499694824219,73.88760375976562,73.8949966430664,11108
2026-02-10 15:30:00+00:00,74.12000274658203,74.23999786376953,73.9800033569336,74.01000213623047,22960
2026-02-10 15:31:00+00:00,74.30000305175781,74.39070129394531,74.13999938964844,74.16000366210938,34889
2026-02-10 15:32:00+00:00,74.43000030517578,74.43000030517578,74.2301025390625,74.30000305175781,16707
2026-02-10 15:33:00+00:00,74.5,74.5,74.38999938964844,74.43000030517578,26820
2026-02-10 15:34:00+00:00,74.4999008178711,74.61000061035156,74.47000122070312,74.5,31359
2026-02-10 15:35:00+00:00,74.54000091552734,74.58889770507812,74.37239837646484,74.45099639892578,25133
2026-02-10 15:36:00+00:00,74.91000366210938,74.91000366210938,74.48999786376953,74.48999786376953,39739
2026-02-10 15:37:00+00:00,74.68000030517578,74.9000015258789,74.5999984741211,74.88999938964844,28964
2026-02-10 15:38:00+00:00,74.94499969482422,75.0,74.72000122070312,74.72000122070312,57006
2026-02-10 15:39:00+00:00,74.83999633789062,75.01000213623047,74.80000305175781,74.94499969482422,32390
2026-02-10 15:40:00+00:00,74.91999816894531,75.06500244140625,74.80500030517578,74.80999755859375,24140
2026-02-10 15:41:00+00:00,74.71209716796875,74.94000244140625,74.69999694824219,74.91999816894531,50124
2026-02-10 15:42:00+00:00,74.69999694824219,74.78399658203125,74.66000366210938,74.71179962158203,24857
2026-02-10 15:43:00+00:00,74.61219787597656,74.81990051269531,74.56999969482422,74.73999786376953,16030
2026-02-10 15:44:00+00:00,74.55999755859375,74.7699966430664,74.5199966430664,74.68890380859375,16030
2026-02-10 15:45:00+00:00,74.45999908447266,74.625,74.44000244140625,74.58999633789062,25473
2026-02-10 15:46:00+00:00,74.66000366210938,74.68000030517578,74.41000366210938,74.45999908447266,15760
2026-02-10 15:47:00+00:00,74.76499938964844,74.89990234375,74.68000030517578,74.68000030517578,18983
2026-02-10 15:48:00+00:00,74.66999816894531,74.83989715576172,74.66999816894531,74.7699966430664,29488
2026-02-10 15:49:00+00:00,74.73989868164062,74.75,74.41010284423828,74.66999816894531,16340
2026-02-10 15:50:00+00:00,74.61000061035156,74.75,74.54000091552734,74.71499633789062,22057
2026-02-10 15:51:00+00:00,74.81009674072266,74.84850311279297,74.62999725341797,74.62999725341797,19703
2026-02-10 15:52:00+00:00,74.91500091552734,74.91500091552734,74.68000030517578,74.82499694824219,13189
2026-02-10 15:53:00+00:00,74.78990173339844,74.85009765625,74.75,74.85009765625,6009
2026-02-10 15:54:00+00:00,74.76000213623047,74.86479949951172,74.76000213623047,74.80000305175781,7635
2026-02-10 15:55:00+00:00,74.64189910888672,74.87999725341797,74.64189910888672,74.75,10881
2026-02-10 15:56:00+00:00,74.5302963256836,74.69249725341797,74.5,74.65499877929688,15044
2026-02-10 15:57:00+00:00,74.77999877929688,74.79000091552734,74.5165023803711,74.55000305175781,25078
2026-02-10 15:58:00+00:00,75.01640319824219,75.02999877929688,74.74500274658203,74.79499816894531,19626
2026-02-10 15:59:00+00:00,74.97239685058594,75.08000183105469,74.88999938964844,75.0,27549
2026-02-10 16:00:00+00:00,75.2699966430664,75.2699966430664,74.91000366210938,74.99500274658203,21991
2026-02-10 16:01:00+00:00,75.13500213623047,75.35990142822266,75.12999725341797,75.23999786376953,32734
2026-02-10 16:02:00+00:00,75.08999633789062,75.19120025634766,75.07779693603516,75.12999725341797,8751
2026-02-10 16:03:00+00:00,75.01730346679688,75.09500122070312,75.0,75.03119659423828,11759
2026-02-10 16:04:00+00:00,74.95999908447266,75.0999984741211,74.95500183105469,75.05999755859375,14311
2026-02-10 16:05:00+00:00,74.80000305175781,75.0,74.7957992553711,75.0,10451
2026-02-10 16:06:00+00:00,74.57499694824219,74.81999969482422,74.54460144042969,74.80999755859375,22743
2026-02-10 16:07:00+00:00,74.44999694824219,74.62000274658203,74.37999725341797,74.58999633789062,18952
2026-02-10 16:08:00+00:00,74.68990325927734,74.78990173339844,74.4000015258789,74.46499633789062,12815
2026-02-10 16:09:00+00:00,74.34259796142578,74.66239929199219,74.33000183105469,74.63500213623047,12236
2026-02-10 16:10:00+00:00,74.48999786376953,74.49400329589844,74.20010375976562,74.33000183105469,21537
2026-02-10 16:11:00+00:00,74.37999725341797,74.45999908447266,74.37999725341797,74.44999694824219,4958
2026-02-10 16:12:00+00:00,74.64669799804688,74.6500015258789,74.39929962158203,74.41000366210938,9380
2026-02-10 16:13:00+00:00,74.62999725341797,74.94000244140625,74.62999725341797,74.6500015258789,20986
2026-02-10 16:14:00+00:00,74.7699966430664,74.81999969482422,74.66999816894531,74.69999694824219,6835
2026-02-10 16:15:00+00:00,74.59500122070312,74.94000244140625,74.45999908447266,74.7699966430664,29099
2026-02-10 16:16:00+00:00,74.7300033569336,74.76000213623047,74.56999969482422,74.62640380859375,15929
2026-02-10 16:17:00+00:00,74.94000244140625,74.95999908447266,74.72119903564453,74.72119903564453,23725
2026-02-10 16:18:00+00:00,74.96990203857422,74.97000122070312,74.80000305175781,74.91000366210938,23695
2026-02-10 16:19:00+00:00,74.88999938964844,75.12989807128906,74.8113021850586,74.93499755859375,18422
2026-02-10 16:20:00+00:00,74.66999816894531,74.95999908447266,74.6050033569336,74.8949966430664,22054
2026-02-10 16:21:00+00:00,74.68000030517578,74.73989868164062,74.5999984741211,74.6146011352539,13266
2026-02-10 16:22:00+00:00,74.4800033569336,74.80989837646484,74.44999694824219,74.70999908447266,20184
2026-02-10 16:23:00+00:00,74.56500244140625,74.68000030517578,74.4800033569336,74.4800033569336,13268
2026-02-10 16:24:00+00:00,74.43000030517578,74.6050033569336,74.43000030517578,74.54000091552734,18073
2026-02-10 16:25:00+00:00,74.41000366210938,74.48999786376953,74.3499984741211,74.4800033569336,16287
2026-02-10 16:26:00+00:00,74.62950134277344,74.62950134277344,74.41500091552734,74.43000030517578,5565
2026-02-10 16:27:00+00:00,74.375,74.61000061035156,74.33000183105469,74.61000061035156,7481
2026-02-10 16:28:00+00:00,74.41999816894531,74.46990203857422,74.36589813232422,74.37999725341797,10664
2026-02-10 16:29:00+00:00,74.33999633789062,74.45099639892578,74.33999633789062,74.41500091552734,8117
2026-02-10 16:30:00+00:00,74.08499908447266,74.33000183105469,74.05000305175781,74.33000183105469,32140
2026-02-10 16:31:00+00:00,74.28990173339844,74.28990173339844,74.0999984741211,74.0999984741211,19019
2026-02-10 16:32:00+00:00,74.29499816894531,74.37999725341797,74.24500274658203,74.2699966430664,13790
2026-02-10 16:33:00+00:00,74.33499908447266,74.37000274658203,74.25,74.29000091552734,7903
2026-02-10 16:34:00+00:00,74.43900299072266,74.5,74.33999633789062,74.36000061035156,14257
2026-02-10 16:35:00+00:00,74.44000244140625,74.48999786376953,74.40950012207031,74.44000244140625,7729
2026-02-10 16:36:00+00:00,74.4749984741211,74.5,74.3499984741211,74.41500091552734,4907
2026-02-10 16:37:00+00:00,74.41000366210938,74.69000244140625,74.41000366210938,74.45500183105469,26679
2026-02-10 16:38:00+00:00,74.40499877929688,74.43499755859375,74.31999969482422,74.43000030517578,15833
2026-02-10 16:39:00+00:00,74.25,74.40499877929688,74.18000030517578,74.40499877929688,20040
2026-02-10 16:40:00+00:00,74.13999938964844,74.32990264892578,74.08000183105469,74.32990264892578,8891
2026-02-10 16:41:00+00:00,74.26000213623047,74.30999755859375,74.18000030517578,74.18000030517578,9333
2026-02-10 16:42:00+00:00,74.16999816894531,74.29389953613281,74.16999816894531,74.27999877929688,4524
2026-02-10 16:43:00+00:00,74.23870086669922,74.23870086669922,74.1572036743164,74.20580291748047,6186
2026-02-10 16:44:00+00:00,74.18499755859375,74.23500061035156,74.18000030517578,74.20999908447266,8635
2026-02-10 16:45:00+00:00,74.41000366210938,74.47000122070312,74.2249984741211,74.2249984741211,5533
2026-02-10 16:46:00+00:00,74.46109771728516,74.53990173339844,74.41999816894531,74.44999694824219,21341
2026-02-10 16:47:00+00:00,74.4800033569336,74.55000305175781,74.43000030517578,74.53170013427734,6549
2026-02-10 16:48:00+00:00,74.41500091552734,74.5199966430664,74.2500991821289,74.44000244140625,7206
2026-02-10 16:49:00+00:00,74.43000030517578,74.45500183105469,74.40499877929688,74.42769622802734,6096
2026-02-10 16:50:00+00:00,74.4000015258789,74.47000122070312,74.33000183105469,74.47000122070312,17649
2026-02-10 16:51:00+00:00,74.30010223388672,74.4000015258789,74.2488021850586,74.4000015258789,9216
2026-02-10 16:52:00+00:00,74.40760040283203,74.41000366210938,74.2699966430664,74.2699966430664,7492
2026-02-10 16:53:00+00:00,74.30989837646484,74.3949966430664,74.2300033569336,74.3949966430664,17255
2026-02-10 16:54:00+00:00,74.53820037841797,74.55000305175781,74.26000213623047,74.26000213623047,35264
2026-02-10 16:55:00+00:00,74.57140350341797,74.62000274658203,74.45999908447266,74.51000213623047,11403
2026-02-10 16:56:00+00:00,74.5281982421875,74.69000244140625,74.5281982421875,74.58499908447266,23582
2026-02-10 16:57:00+00:00,74.44000244140625,74.4749984741211,74.41000366210938,74.4749984741211,2666
2026-02-10 16:58:00+00:00,74.4800033569336,74.51000213623047,74.47000122070312,74.48999786376953,5161
2026-02-10 16:59:00+00:00,74.43000030517578,74.55000305175781,74.43000030517578,74.5,9829
2026-02-10 17:00:00+00:00,74.47000122070312,74.5199966430664,74.41000366210938,74.43000030517578,4535
2026-02-10 17:01:00+00:00,74.19999694824219,74.50499725341797,74.19999694824219,74.48999786376953,7661
2026-02-10 17:02:00+00:00,74.1449966430664,74.22000122070312,74.12000274658203,74.19999694824219,15117
2026-02-10 17:03:00+00:00,74.08999633789062,74.19000244140625,74.08999633789062,74.1500015258789,5454
2026-02-10 17:04:00+00:00,74.1500015258789,74.16000366210938,74.07499694824219,74.08999633789062,11072
2026-02-10 17:05:00+00:00,74.16999816894531,74.33989715576172,74.12999725341797,74.1500015258789,22475
2026-02-10 17:06:00+00:00,74.2300033569336,74.26000213623047,74.16999816894531,74.19999694824219,12175
2026-02-10 17:07:00+00:00,74.2698974609375,74.2698974609375,74.16000366210938,74.19999694824219,7165
2026-02-10 17:08:00+00:00,74.20999908447266,74.2780990600586,74.16010284423828,74.18000030517578,14092
2026-02-10 17:09:00+00:00,74.24500274658203,74.25,74.18000030517578,74.19499969482422,5948
2026-02-10 17:10:00+00:00,74.29000091552734,74.29460144042969,74.23999786376953,74.25990295410156,12358
2026-02-10 17:11:00+00:00,74.22000122070312,74.29000091552734,74.22000122070312,74.2699966430664,7841
2026-02-10 17:12:00+00:00,74.22000122070312,74.30000305175781,74.22000122070312,74.2300033569336,5155
2026-02-10 17:13:00+00:00,74.27999877929688,74.3198013305664,74.19999694824219,74.24500274658203,20075
2026-02-10 17:14:00+00:00,74.30500030517578,74.37000274658203,74.26309967041016,74.29000091552734,10535
2026-02-10 17:15:00+00:00,74.33999633789062,74.41690063476562,74.30999755859375,74.30999755859375,12532
2026-02-10 17:16:00+00:00,74.43499755859375,74.44999694824219,74.32499694824219,74.33999633789062,16045
2026-02-10 17:17:00+00:00,74.62999725341797,74.64199829101562,74.4000015258789,74.42479705810547,15603
2026-02-10 17:18:00+00:00,74.57499694824219,74.66000366210938,74.57499694824219,74.63269805908203,9488
2026-02-10 17:19:00+00:00,74.69999694824219,74.73989868164062,74.56500244140625,74.58000183105469,12550
2026-02-10 17:20:00+00:00,74.42990112304688,74.80000305175781,74.42990112304688,74.70999908447266,17858
2026-02-10 17:21:00+00:00,74.52999877929688,74.55000305175781,74.4000015258789,74.44619750976562,16517
2026-02-10 17:22:00+00:00,74.37010192871094,74.55000305175781,74.37010192871094,74.51000213623047,7596
2026-02-10 17:23:00+00:00,74.56559753417969,74.62989807128906,74.37000274658203,74.43319702148438,15339
2026-02-10 17:24:00+00:00,74.4749984741211,74.56999969482422,74.45999908447266,74.55000305175781,11223
2026-02-10 17:25:00+00:00,74.43000030517578,74.48999786376953,74.4000015258789,74.4800033569336,15473
2026-02-10 17:26:00+00:00,74.41999816894531,74.45989990234375,74.38999938964844,74.43000030517578,20218
2026-02-10 17:27:00+00:00,74.5,74.5,74.41500091552734,74.41999816894531,5784
2026-02-10 17:28:00+00:00,74.63099670410156,74.63130187988281,74.5199966430664,74.5199966430664,14434
2026-02-10 17:29:00+00:00,74.44999694824219,74.61199951171875,74.43000030517578,74.61199951171875,11513
2026-02-10 17:30:00+00:00,74.41000366210938,74.54000091552734,74.41000366210938,74.4800033569336,8919
2026-02-10 17:31:00+00:00,74.41000366210938,74.43170166015625,74.3499984741211,74.4000015258789,5517
2026-02-10 17:32:00+00:00,74.46730041503906,74.48999786376953,74.38999938964844,74.44059753417969,7138
2026-02-10 17:33:00+00:00,74.26000213623047,74.44999694824219,74.26000213623047,74.44999694824219,10871
2026-02-10 17:34:00+00:00,74.16500091552734,74.26000213623047,74.15049743652344,74.23999786376953,8526
2026-02-10 17:35:00+00:00,74.09500122070312,74.16999816894531,74.05000305175781,74.12000274658203,13399
2026-02-10 17:36:00+00:00,74.12999725341797,74.18000030517578,74.06009674072266,74.06009674072266,7033
2026-02-10 17:37:00+00:00,74.23500061035156,74.23500061035156,74.0999984741211,74.16999816894531,9790
2026-02-10 17:38:00+00:00,74.30000305175781,74.30000305175781,74.19999694824219,74.25,5514
2026-02-10 17:39:00+00:00,74.30999755859375,74.33000183105469,74.2916030883789,74.30000305175781,7895
2026-02-10 17:40:00+00:00,74.25,74.26000213623047,74.20999908447266,74.26000213623047,3492
2026-02-10 17:41:00+00:00,74.38999938964844,74.44000244140625,74.29000091552734,74.29000091552734,13242
2026-02-10 17:42:00+00:00,74.44999694824219,74.4800033569336,74.42579650878906,74.45989990234375,10905
2026-02-10 17:43:00+00:00,74.5,74.53199768066406,74.44999694824219,74.5,6749
2026-02-10 17:44:00+00:00,74.535400390625,74.58000183105469,74.46549987792969,74.51499938964844,10652
2026-02-10 17:45:00+00:00,74.63500213623047,74.66000366210938,74.54910278320312,74.55989837646484,8631
2026-02-10 17:46:00+00:00,74.53009796142578,74.64839935302734,74.53009796142578,74.64839935302734,4222
2026-02-10 17:47:00+00:00,74.5199966430664,74.56590270996094,74.5,74.55999755859375,4494
2026-02-10 17:48:00+00:00,74.45010375976562,74.55000305175781,74.44000244140625,74.51000213623047,9695
2026-02-10 17:49:00+00:00,74.2699966430664,74.48999786376953,74.2699966430664,74.4800033569336,7716
2026-02-10 17:50:00+00:00,74.31999969482422,74.37999725341797,74.22000122070312,74.30000305175781,10638
2026-02-10 17:51:00+00:00,74.30999755859375,74.31500244140625,74.2300033569336,74.31500244140625,7241
2026-02-10 17:52:00+00:00,74.36000061035156,74.37000274658203,74.23500061035156,74.30400085449219,5041
2026-02-10 17:53:00+00:00,74.42500305175781,74.43470001220703,74.38999938964844,74.38999938964844,8465
2026-02-10 17:54:00+00:00,74.4000015258789,74.4198989868164,74.37000274658203,74.39179992675781,5566
2026-02-10 17:55:00+00:00,74.4646987915039,74.4646987915039,74.41000366210938,74.43499755859375,8437
2026-02-10 17:56:00+00:00,74.38490295410156,74.48989868164062,74.37999725341797,74.48989868164062,5838
2026-02-10 17:57:00+00:00,74.30999755859375,74.40499877929688,74.30000305175781,74.37999725341797,4317
2026-02-10 17:58:00+00:00,74.19000244140625,74.3499984741211,74.19000244140625,74.31999969482422,5821
2026-02-10 17:59:00+00:00,74.23999786376953,74.2699966430664,74.19499969482422,74.19499969482422,6304
2026-02-10 18:00:00+00:00,74.22899627685547,74.2300033569336,74.16799926757812,74.19000244140625,8297
2026-02-10 18:01:00+00:00,74.12999725341797,74.25,74.08000183105469,74.0999984741211,11624
2026-02-10 18:02:00+00:00,74.2300033569336,74.2300033569336,74.13500213623047,74.13999938964844,7648
2026-02-10 18:03:00+00:00,74.18930053710938,74.19550323486328,74.17500305175781,74.17500305175781,1404
2026-02-10 18:04:00+00:00,74.20999908447266,74.20999908447266,74.16999816894531,74.16999816894531,3988
2026-02-10 18:05:00+00:00,74.13999938964844,74.19999694824219,74.12999725341797,74.19999694824219,6901
2026-02-10 18:06:00+00:00,74.22000122070312,74.22000122070312,74.07499694824219,74.08000183105469,12475
2026-02-10 18:07:00+00:00,74.20999908447266,74.2300033569336,74.1500015258789,74.19999694824219,7447
2026-02-10 18:08:00+00:00,74.2300033569336,74.2300033569336,74.19000244140625,74.22000122070312,6195
2026-02-10 18:09:00+00:00,74.30500030517578,74.31500244140625,74.20999908447266,74.2218017578125,19386
2026-02-10 18:10:00+00:00,74.14250183105469,74.36000061035156,74.14250183105469,74.31999969482422,15993
2026-02-10 18:11:00+00:00,74.12010192871094,74.18499755859375,74.0999984741211,74.16999816894531,10069
2026-02-10 18:12:00+00:00,74.12000274658203,74.19999694824219,74.12000274658203,74.15619659423828,5087
2026-02-10 18:13:00+00:00,73.98999786376953,74.13999938964844,73.94999694824219,74.12000274658203,28372
2026-02-10 18:14:00+00:00,73.80999755859375,74.0199966430664,73.80000305175781,73.98149871826172,20890
2026-02-10 18:15:00+00:00,73.79000091552734,73.92749786376953,73.77999877929688,73.8499984741211,6352
2026-02-10 18:16:00+00:00,73.62000274658203,73.82710266113281,73.58999633789062,73.81999969482422,24991
2026-02-10 18:17:00+00:00,73.66999816894531,73.70559692382812,73.62000274658203,73.62000274658203,17094
2026-02-10 18:18:00+00:00,73.78500366210938,73.81500244140625,73.69000244140625,73.69000244140625,5976
2026-02-10 18:19:00+00:00,73.69999694824219,73.78559875488281,73.62999725341797,73.78559875488281,12031
2026-02-10 18:20:00+00:00,73.37000274658203,73.65740203857422,73.27999877929688,73.65740203857422,52496
2026-02-10 18:21:00+00:00,73.16500091552734,73.33999633789062,73.16500091552734,73.31179809570312,20084
2026-02-10 18:22:00+00:00,73.35430145263672,73.4000015258789,73.12999725341797,73.12999725341797,23549
2026-02-10 18:23:00+00:00,73.2300033569336,73.3499984741211,73.2300033569336,73.30000305175781,8376
2026-02-10 18:24:00+00:00,73.08999633789062,73.25990295410156,73.08999633789062,73.25990295410156,14989
2026-02-10 18:25:00+00:00,73.04840087890625,73.10990142822266,73.0,73.08999633789062,40335
2026-02-10 18:26:00+00:00,72.76000213623047,73.03820037841797,72.75,73.03820037841797,92360
2026-02-10 18:27:00+00:00,72.6104965209961,72.77999877929688,72.55999755859375,72.75,31110
2026-02-10 18:28:00+00:00,72.61000061035156,72.68990325927734,72.58999633789062,72.58999633789062,26534
2026-02-10 18:29:00+00:00,72.27349853515625,72.64990234375,72.2699966430664,72.6449966430664,97857
2026-02-10 18:30:00+00:00,72.28170013427734,72.37999725341797,72.26000213623047,72.27999877929688,28886
2026-02-10 18:31:00+00:00,72.41999816894531,72.5,72.29499816894531,72.30000305175781,24191
2026-02-10 18:32:00+00:00,72.29499816894531,72.402099609375,72.29000091552734,72.38999938964844,19923
2026-02-10 18:33:00+00:00,72.22000122070312,72.3499984741211,72.16000366210938,72.30000305175781,37980
2026-02-10 18:34:00+00:00,72.20999908447266,72.26000213623047,72.15019989013672,72.20999908447266,17638
2026-02-10 18:35:00+00:00,72.38999938964844,72.43000030517578,72.19999694824219,72.19999694824219,19380
2026-02-10 18:36:00+00:00,72.04000091552734,72.40499877929688,72.02059936523438,72.40460205078125,45887
2026-02-10 18:37:00+00:00,72.16999816894531,72.2300033569336,71.98999786376953,72.05500030517578,70551
2026-02-10 18:38:00+00:00,72.18689727783203,72.2300033569336,72.11070251464844,72.125,11694
2026-02-10 18:39:00+00:00,72.1500015258789,72.27999877929688,72.0999984741211,72.19000244140625,15176
2026-02-10 18:40:00+00:00,72.12999725341797,72.18000030517578,72.05999755859375,72.17500305175781,16687
2026-02-10 18:41:00+00:00,72.0250015258789,72.15499877929688,72.0,72.12000274658203,8403
2026-02-10 18:42:00+00:00,72.04499816894531,72.12989807128906,71.9800033569336,72.02200317382812,52905
2026-02-10 18:43:00+00:00,71.99320220947266,72.08000183105469,71.80000305175781,72.03040313720703,89778
2026-02-10 18:44:00+00:00,71.82109832763672,72.0199966430664,71.80010223388672,71.99009704589844,25067
2026-02-10 18:45:00+00:00,71.7699966430664,71.91999816894531,71.7699966430664,71.80999755859375,19415
2026-02-10 18:46:00+00:00,71.59500122070312,71.80999755859375,71.55000305175781,71.7605972290039,43255
2026-02-10 18:47:00+00:00,71.72000122070312,71.73999786376953,71.59500122070312,71.59500122070312,41880
2026-02-10 18:48:00+00:00,71.83999633789062,71.83999633789062,71.66000366210938,71.73999786376953,17598
2026-02-10 18:49:00+00:00,71.81999969482422,71.87999725341797,71.77999877929688,71.83000183105469,19771
2026-02-10 18:50:00+00:00,71.86759948730469,71.93000030517578,71.74700164794922,71.83000183105469,19906
2026-02-10 18:51:00+00:00,71.79000091552734,71.87999725341797,71.73999786376953,71.87999725341797,12448
2026-02-10 18:52:00+00:00,71.78990173339844,71.86990356445312,71.73999786376953,71.79000091552734,9708
2026-02-10 18:53:00+00:00,71.97000122070312,71.97000122070312,71.77010345458984,71.77010345458984,11395
2026-02-10 18:54:00+00:00,71.80000305175781,71.95999908447266,71.77999877929688,71.95999908447266,20637
2026-02-10 18:55:00+00:00,71.80999755859375,71.8490982055664,71.77200317382812,71.83499908447266,8513
2026-02-10 18:56:00+00:00,72.43000030517578,72.43000030517578,71.83999633789062,71.83999633789062,74078
2026-02-10 18:57:00+00:00,72.29000091552734,72.47000122070312,72.2699966430664,72.41500091552734,31846
2026-02-10 18:58:00+00:00,72.30999755859375,72.37100219726562,72.25,72.27149963378906,19829
2026-02-10 18:59:00+00:00,72.30999755859375,72.48999786376953,72.30000305175781,72.36190032958984,32568
2026-02-10 19:00:00+00:00,72.29000091552734,72.47000122070312,72.20999908447266,72.41000366210938,14878
2026-02-10 19:01:00+00:00,72.4800033569336,72.4800033569336,72.27999877929688,72.27999877929688,22451
2026-02-10 19:02:00+00:00,72.33999633789062,72.5999984741211,72.33999633789062,72.4800033569336,80004
2026-02-10 19:03:00+00:00,72.37999725341797,72.4800033569336,72.36000061035156,72.43000030517578,16872
2026-02-10 19:04:00+00:00,72.29010009765625,72.43990325927734,72.27999877929688,72.37999725341797,18484
2026-02-10 19:05:00+00:00,72.16999816894531,72.36000061035156,72.1449966430664,72.29000091552734,10826
2026-02-10 19:06:00+00:00,72.125,72.2300033569336,72.125,72.19999694824219,6963
2026-02-10 19:07:00+00:00,72.12000274658203,72.13999938964844,72.0436019897461,72.13999938964844,13630
2026-02-10 19:08:00+00:00,71.91500091552734,72.11000061035156,71.82009887695312,72.06999969482422,8732
2026-02-10 19:09:00+00:00,71.9800033569336,72.18000030517578,71.93000030517578,71.93000030517578,41461
2026-02-10 19:10:00+00:00,71.98500061035156,72.00240325927734,71.88999938964844,71.9800033569336,7402
2026-02-10 19:11:00+00:00,71.84500122070312,72.06990051269531,71.81999969482422,71.95999908447266,12156
2026-02-10 19:12:00+00:00,71.83999633789062,71.87000274658203,71.79000091552734,71.8499984741211,22841
2026-02-10 19:13:00+00:00,71.97000122070312,72.03990173339844,71.83499908447266,71.87000274658203,13051
2026-02-10 19:14:00+00:00,72.0,72.05999755859375,71.93000030517578,71.97000122070312,6752
2026-02-10 19:15:00+00:00,71.91999816894531,72.01969909667969,71.8949966430664,71.9800033569336,10807
2026-02-10 19:16:00+00:00,71.93000030517578,71.9800033569336,71.88999938964844,71.90010070800781,6164
2026-02-10 19:17:00+00:00,71.96499633789062,71.9800033569336,71.86000061035156,71.91999816894531,9329
2026-02-10 19:18:00+00:00,71.9990005493164,72.02999877929688,71.91999816894531,71.94499969482422,14343
2026-02-10 19:19:00+00:00,71.97000122070312,72.0199966430664,71.91999816894531,71.95999908447266,7708
2026-02-10 19:20:00+00:00,72.2300033569336,72.2300033569336,71.95999908447266,71.9800033569336,22854
2026-02-10 19:21:00+00:00,72.18000030517578,72.31999969482422,72.13999938964844,72.26000213623047,19287
2026-02-10 19:22:00+00:00,72.231201171875,72.231201171875,72.17070007324219,72.19400024414062,4245
2026-02-10 19:23:00+00:00,72.2300033569336,72.26499938964844,72.18319702148438,72.25090026855469,6386
2026-02-10 19:24:00+00:00,72.17769622802734,72.23860168457031,72.16000366210938,72.1946029663086,5878
2026-02-10 19:25:00+00:00,71.99520111083984,72.21499633789062,71.96829986572266,72.19999694824219,21702
2026-02-10 19:26:00+00:00,72.06999969482422,72.07859802246094,71.94000244140625,71.94999694824219,6571
2026-02-10 19:27:00+00:00,71.98500061035156,72.06849670410156,71.95999908447266,72.0248031616211,4701
2026-02-10 19:28:00+00:00,72.06999969482422,72.08000183105469,71.98500061035156,71.99240112304688,8437
2026-02-10 19:29:00+00:00,72.05999755859375,72.11000061035156,72.02999877929688,72.06999969482422,10301
2026-02-10 19:30:00+00:00,72.19499969482422,72.19499969482422,71.93000030517578,72.12999725341797,21987
2026-02-10 19:31:00+00:00,72.29000091552734,72.29000091552734,72.1500015258789,72.20999908447266,5902
2026-02-10 19:32:00+00:00,72.46499633789062,72.5,72.30149841308594,72.30390167236328,41713
2026-02-10 19:33:00+00:00,72.5000991821289,72.52999877929688,72.43000030517578,72.44999694824219,26869
2026-02-10 19:34:00+00:00,72.51580047607422,72.54409790039062,72.3301010131836,72.5,16435
2026-02-10 19:35:00+00:00,72.62049865722656,72.62999725341797,72.44999694824219,72.45999908447266,18845
2026-02-10 19:36:00+00:00,72.69000244140625,72.82029724121094,72.62999725341797,72.63999938964844,43727
2026-02-10 19:37:00+00:00,72.81999969482422,72.8499984741211,72.68000030517578,72.71499633789062,21716
2026-02-10 19:38:00+00:00,72.8499984741211,72.88999938964844,72.77999877929688,72.8093032836914,24196
2026-02-10 19:39:00+00:00,72.8499984741211,72.87999725341797,72.79669952392578,72.86499786376953,10372
2026-02-10 19:40:00+00:00,72.83999633789062,72.87999725341797,72.70999908447266,72.86000061035156,21975
2026-02-10 19:41:00+00:00,72.96499633789062,72.98999786376953,72.80000305175781,72.83499908447266,29644
2026-02-10 19:42:00+00:00,72.91439819335938,73.02989959716797,72.9000015258789,72.9800033569336,26273
2026-02-10 19:43:00+00:00,72.5999984741211,72.91999816894531,72.5999984741211,72.9176025390625,36752
2026-02-10 19:44:00+00:00,72.71620178222656,72.71620178222656,72.57009887695312,72.58429718017578,13761
2026-02-10 19:45:00+00:00,72.68000030517578,72.76000213623047,72.66999816894531,72.70999908447266,7353
2026-02-10 19:46:00+00:00,72.79000091552734,72.79000091552734,72.64610290527344,72.68000030517578,16357
2026-02-10 19:47:00+00:00,72.71009826660156,72.77799987792969,72.70999908447266,72.77799987792969,8336
2026-02-10 19:48:00+00:00,72.83999633789062,72.86000061035156,72.76000213623047,72.7699966430664,17460
2026-02-10 19:49:00+00:00,72.92500305175781,72.92500305175781,72.81999969482422,72.83499908447266,10509
2026-02-10 19:50:00+00:00,72.87339782714844,72.92880249023438,72.87000274658203,72.92500305175781,7391
2026-02-10 19:51:00+00:00,72.95999908447266,73.0,72.87999725341797,72.87999725341797,28673
2026-02-10 19:52:00+00:00,72.9800033569336,73.05000305175781,72.91999816894531,72.9800033569336,16643
2026-02-10 19:53:00+00:00,72.94930267333984,72.9800033569336,72.9000015258789,72.9800033569336,8793
2026-02-10 19:54:00+00:00,72.8906021118164,72.94000244140625,72.79010009765625,72.94000244140625,14049
2026-02-10 19:55:00+00:00,72.78500366210938,72.8949966430664,72.77999877929688,72.8949966430664,11503
2026-02-10 19:56:00+00:00,72.92620086669922,72.93910217285156,72.76470184326172,72.80000305175781,16229
2026-02-10 19:57:00+00:00,72.8499984741211,72.94999694824219,72.8499984741211,72.93479919433594,8589
2026-02-10 19:58:00+00:00,72.706298828125,72.87999725341797,72.69010162353516,72.8499984741211,37198
2026-02-10 19:59:00+00:00,72.7300033569336,72.75499725341797,72.69000244140625,72.72000122070312,9150
2026-02-10 20:00:00+00:00,72.45999908447266,72.69999694824219,72.29000091552734,72.69999694824219,44555
2026-02-10 20:01:00+00:00,72.68000030517578,72.70500183105469,72.42179870605469,72.46499633789062,10782
2026-02-10 20:02:00+00:00,72.75,72.79000091552734,72.6957015991211,72.72000122070312,20721
2026-02-10 20:03:00+00:00,72.66999816894531,72.76000213623047,72.63999938964844,72.76000213623047,11621
2026-02-10 20:04:00+00:00,72.52989959716797,72.66999816894531,72.49759674072266,72.66000366210938,6939
2026-02-10 20:05:00+00:00,72.43000030517578,72.53500366210938,72.35009765625,72.5,11366
2026-02-10 20:06:00+00:00,72.4800033569336,72.5353012084961,72.37999725341797,72.44000244140625,32160
2026-02-10 20:07:00+00:00,72.54000091552734,72.55500030517578,72.42150115966797,72.42150115966797,11618
2026-02-10 20:08:00+00:00,72.54000091552734,72.58000183105469,72.5,72.52999877929688,9385
2026-02-10 20:09:00+00:00,72.55999755859375,72.56999969482422,72.47000122070312,72.55999755859375,8713
2026-02-10 20:10:00+00:00,72.5999984741211,72.5999984741211,72.53500366210938,72.5999984741211,6641
2026-02-10 20:11:00+00:00,72.51000213623047,72.58000183105469,72.4800033569336,72.56999969482422,26399
2026-02-10 20:12:00+00:00,72.44999694824219,72.55000305175781,72.43000030517578,72.53500366210938,9343
2026-02-10 20:13:00+00:00,72.45149993896484,72.5199966430664,72.44999694824219,72.51000213623047,4644
2026-02-10 20:14:00+00:00,72.41999816894531,72.44999694824219,72.37000274658203,72.4209976196289,13247
2026-02-10 20:15:00+00:00,72.37419891357422,72.47000122070312,72.3499984741211,72.38999938964844,8218
2026-02-10 20:16:00+00:00,72.38999938964844,72.48999786376953,72.37000274658203,72.4000015258789,7352
2026-02-10 20:17:00+00:00,72.2300033569336,72.43000030517578,72.22000122070312,72.39600372314453,24654
2026-02-10 20:18:00+00:00,72.42320251464844,72.42320251464844,72.19999694824219,72.2020034790039,13913
2026-02-10 20:19:00+00:00,72.32499694824219,72.5,72.30999755859375,72.45999908447266,23795
2026-02-10 20:20:00+00:00,72.2699966430664,72.36499786376953,72.25499725341797,72.30999755859375,8709
2026-02-10 20:21:00+00:00,72.13999938964844,72.30000305175781,72.0999984741211,72.2699966430664,18913
2026-02-10 20:22:00+00:00,72.27999877929688,72.27999877929688,72.13999938964844,72.1500015258789,15799
2026-02-10 20:23:00+00:00,72.08809661865234,72.30000305175781,72.06999969482422,72.26499938964844,7488
2026-02-10 20:24:00+00:00,72.0199966430664,72.12000274658203,72.0009994506836,72.11000061035156,20699
2026-02-10 20:25:00+00:00,72.04499816894531,72.0999984741211,71.97000122070312,72.0,31532
2026-02-10 20:26:00+00:00,72.02400207519531,72.11000061035156,71.99099731445312,72.04000091552734,25733
2026-02-10 20:27:00+00:00,71.97000122070312,72.0625,71.95999908447266,72.04119873046875,14670
2026-02-10 20:28:00+00:00,72.0999984741211,72.11000061035156,71.96910095214844,71.97000122070312,16382
2026-02-10 20:29:00+00:00,71.81999969482422,72.09500122070312,71.80999755859375,72.08999633789062,20136
2026-02-10 20:30:00+00:00,71.83000183105469,71.83000183105469,71.62000274658203,71.80999755859375,70452
2026-02-10 20:31:00+00:00,71.91000366210938,71.95999908447266,71.81999969482422,71.81999969482422,16010
2026-02-10 20:32:00+00:00,71.9800033569336,72.00700378417969,71.9000015258789,71.91000366210938,14096
2026-02-10 20:33:00+00:00,72.0199966430664,72.05000305175781,72.0,72.0,9913
2026-02-10 20:34:00+00:00,71.99659729003906,72.01010131835938,71.94529724121094,72.01000213623047,11717
2026-02-10 20:35:00+00:00,72.01799774169922,72.05500030517578,71.9800033569336,71.99500274658203,10031
2026-02-10 20:36:00+00:00,72.16999816894531,72.20500183105469,72.02999877929688,72.02999877929688,13710
2026-02-10 20:37:00+00:00,72.3499984741211,72.3499984741211,72.19000244140625,72.20999908447266,30081
2026-02-10 20:38:00+00:00,72.34500122070312,72.36990356445312,72.27999877929688,72.33000183105469,15262
2026-02-10 20:39:00+00:00,72.25,72.44999694824219,72.19999694824219,72.34619903564453,64113
2026-02-10 20:40:00+00:00,72.29000091552734,72.33000183105469,72.2300033569336,72.25,13922
2026-02-10 20:41:00+00:00,72.47000122070312,72.47000122070312,72.26000213623047,72.27999877929688,23705
2026-02-10 20:42:00+00:00,72.51000213623047,72.5199966430664,72.3499984741211,72.45999908447266,14583
2026-02-10 20:43:00+00:00,72.53990173339844,72.59989929199219,72.48999786376953,72.48999786376953,13531
2026-02-10 20:44:00+00:00,72.50499725341797,72.56999969482422,72.4718017578125,72.51000213623047,10915
2026-02-10 20:45:00+00:00,72.52999877929688,72.55000305175781,72.37999725341797,72.5199966430664,19993
2026-02-10 20:46:00+00:00,72.56999969482422,72.62999725341797,72.5,72.5,17931
2026-02-10 20:47:00+00:00,72.5999984741211,72.61499786376953,72.5199966430664,72.58999633789062,15630
2026-02-10 20:48:00+00:00,72.63999938964844,72.63999938964844,72.58000183105469,72.5999984741211,20352
2026-02-10 20:49:00+00:00,72.51000213623047,72.68000030517578,72.48999786376953,72.66000366210938,18340
2026-02-10 20:50:00+00:00,72.5199966430664,72.58999633789062,72.43000030517578,72.51000213623047,39837
2026-02-10 20:51:00+00:00,72.47000122070312,72.606201171875,72.47000122070312,72.54000091552734,44343
2026-02-10 20:52:00+00:00,72.4000015258789,72.54949951171875,72.38999938964844,72.48999786376953,19767
2026-02-10 20:53:00+00:00,72.12010192871094,72.38500213623047,72.12000274658203,72.37999725341797,36590
2026-02-10 20:54:00+00:00,72.1449966430664,72.1449966430664,71.95999908447266,72.11000061035156,51070
2026-02-10 20:55:00+00:00,72.15499877929688,72.2699966430664,72.06999969482422,72.11000061035156,46327
2026-02-10 20:56:00+00:00,71.95999908447266,72.15499877929688,71.95999908447266,72.15499877929688,52502
2026-02-10 20:57:00+00:00,72.13999938964844,72.16000366210938,71.95999908447266,71.95999908447266,73998
2026-02-10 20:58:00+00:00,72.1050033569336,72.13999938964844,72.07949829101562,72.13999938964844,49624
2026-02-10 20:59:00+00:00,72.01000213623047,72.12000274658203,72.0,72.1050033569336,139840
2026-02-11 14:30:00+00:00,72.88500213623047,73.37000274658203,72.37999725341797,73.12999725341797,704758
2026-02-11 14:31:00+00:00,72.77999877929688,72.9800033569336,72.36000061035156,72.80999755859375,59655
2026-02-11 14:32:00+00:00,72.97000122070312,73.11000061035156,72.25,72.74500274658203,60025
2026-02-11 14:33:00+00:00,71.87000274658203,72.91000366210938,71.68000030517578,72.83999633789062,53895
2026-02-11 14:34:00+00:00,70.66000366210938,71.91000366210938,70.5999984741211,71.9000015258789,99890
2026-02-11 14:35:00+00:00,70.33999633789062,70.72000122070312,70.13999938964844,70.72000122070312,127692
2026-02-11 14:36:00+00:00,70.91000366210938,71.11000061035156,70.33270263671875,70.33270263671875,72362
2026-02-11 14:37:00+00:00,70.94000244140625,71.2699966430664,70.59010314941406,71.0199966430664,62604
2026-02-11 14:38:00+00:00,70.41000366210938,70.83999633789062,70.34359741210938,70.83999633789062,52382
2026-02-11 14:39:00+00:00,70.27999877929688,70.3499984741211,70.05000305175781,70.3499984741211,62835
2026-02-11 14:40:00+00:00,70.16000366210938,70.66000366210938,70.05000305175781,70.31999969482422,48490
2026-02-11 14:41:00+00:00,70.55000305175781,70.5999984741211,69.80000305175781,70.15499877929688,137544
2026-02-11 14:42:00+00:00,70.76000213623047,70.80000305175781,70.4800033569336,70.5,54062
2026-02-11 14:43:00+00:00,71.11940002441406,71.19000244140625,70.61000061035156,70.68499755859375,72085
2026-02-11 14:44:00+00:00,71.18399810791016,71.2699966430664,70.91999816894531,71.125,66668
2026-02-11 14:45:00+00:00,71.89340209960938,71.9000015258789,70.94999694824219,71.25,80548
2026-02-11 14:46:00+00:00,71.69999694824219,72.08450317382812,71.56999969482422,71.88999938964844,79955
2026-02-11 14:47:00+00:00,71.87999725341797,72.08000183105469,71.7300033569336,71.73999786376953,36498
2026-02-11 14:48:00+00:00,71.80999755859375,72.06649780273438,71.76000213623047,71.88999938964844,26667
2026-02-11 14:49:00+00:00,71.5625,71.87999725341797,71.35009765625,71.70999908447266,28324
2026-02-11 14:50:00+00:00,71.30999755859375,71.62000274658203,71.13999938964844,71.5999984741211,35331
2026-02-11 14:51:00+00:00,71.37999725341797,71.55999755859375,71.26000213623047,71.31999969482422,24600
2026-02-11 14:52:00+00:00,70.77999877929688,71.34500122070312,70.70999908447266,71.32499694824219,50873
2026-02-11 14:53:00+00:00,70.32759857177734,70.7699966430664,70.30000305175781,70.72000122070312,58335
2026-02-11 14:54:00+00:00,70.30000305175781,70.4540023803711,70.2251968383789,70.32820129394531,33829
2026-02-11 14:55:00+00:00,70.58000183105469,70.80000305175781,70.30000305175781,70.30000305175781,51250
2026-02-11 14:56:00+00:00,70.32499694824219,70.58999633789062,70.25,70.58000183105469,35662
2026-02-11 14:57:00+00:00,69.96499633789062,70.314697265625,69.69999694824219,70.30999755859375,132672
2026-02-11 14:58:00+00:00,69.8499984741211,70.04000091552734,69.8499984741211,69.98999786376953,32625
2026-02-11 14:59:00+00:00,69.88999938964844,70.0,69.73999786376953,69.86329650878906,32292
2026-02-11 15:00:00+00:00,70.02999877929688,70.1500015258789,69.91999816894531,69.95999908447266,29809
2026-02-11 15:01:00+00:00,69.806396484375,70.23999786376953,69.72010040283203,70.04499816894531,50364
2026-02-11 15:02:00+00:00,69.4000015258789,69.80000305175781,69.3301010131836,69.79000091552734,75979
2026-02-11 15:03:00+00:00,69.56999969482422,69.77999877929688,69.33699798583984,69.38999938964844,78168
2026-02-11 15:04:00+00:00,69.68000030517578,69.72000122070312,69.47010040283203,69.5999984741211,29837
2026-02-11 15:05:00+00:00,69.41999816894531,69.6449966430664,69.20999908447266,69.6449966430664,47134
2026-02-11 15:06:00+00:00,69.02999877929688,69.44000244140625,69.0199966430664,69.2970962524414,82314
2026-02-11 15:07:00+00:00,69.0,69.08999633789062,68.86000061035156,69.04000091552734,89309
2026-02-11 15:08:00+00:00,68.82830047607422,69.05999755859375,68.77999877929688,68.97000122070312,70587
2026-02-11 15:09:00+00:00,68.75,68.94000244140625,68.69090270996094,68.77999877929688,58500
2026-02-11 15:10:00+00:00,69.05999755859375,69.10060119628906,68.70999908447266,68.72000122070312,51708
2026-02-11 15:11:00+00:00,68.83000183105469,69.1050033569336,68.73999786376953,69.08499908447266,37624
2026-02-11 15:12:00+00:00,68.76930236816406,68.80000305175781,68.7020034790039,68.77999877929688,34385
2026-02-11 15:13:00+00:00,68.44999694824219,68.94760131835938,68.44000244140625,68.76000213623047,136654
2026-02-11 15:14:00+00:00,68.55000305175781,68.62999725341797,68.3499984741211,68.44999694824219,90865
2026-02-11 15:15:00+00:00,68.1500015258789,68.54000091552734,68.11000061035156,68.5199966430664,55647
2026-02-11 15:16:00+00:00,68.15229797363281,68.18000030517578,68.01000213623047,68.13999938964844,66937
2026-02-11 15:17:00+00:00,68.08869934082031,68.28500366210938,68.04000091552734,68.19999694824219,37911
2026-02-11 15:18:00+00:00,68.04000091552734,68.15499877929688,67.8373031616211,68.06999969482422,58704
2026-02-11 15:19:00+00:00,67.71810150146484,67.94999694824219,67.66000366210938,67.88999938964844,94718
2026-02-11 15:20:00+00:00,67.77999877929688,67.97000122070312,67.69000244140625,67.70120239257812,93826
2026-02-11 15:21:00+00:00,67.66000366210938,67.83999633789062,67.63999938964844,67.7699966430664,39322
2026-02-11 15:22:00+00:00,67.7219009399414,67.86000061035156,67.5999984741211,67.5999984741211,44934
2026-02-11 15:23:00+00:00,67.52999877929688,67.86000061035156,67.44999694824219,67.70999908447266,82791
2026-02-11 15:24:00+00:00,67.45999908447266,67.55999755859375,67.3499984741211,67.52999877929688,49062
2026-02-11 15:25:00+00:00,67.43499755859375,67.61000061035156,67.33999633789062,67.4000015258789,40119
2026-02-11 15:26:00+00:00,67.2699966430664,67.5199966430664,67.25,67.41999816894531,43753
2026-02-11 15:27:00+00:00,67.2300033569336,67.54000091552734,67.19999694824219,67.27999877929688,69104
2026-02-11 15:28:00+00:00,67.54000091552734,67.7699966430664,67.26000213623047,67.26000213623047,51425
2026-02-11 15:29:00+00:00,67.2979965209961,67.69000244140625,67.2979965209961,67.5,41518
2026-02-11 15:30:00+00:00,67.13999938964844,67.30999755859375,67.10009765625,67.26000213623047,60360
2026-02-11 15:31:00+00:00,67.44000244140625,67.47000122070312,67.08000183105469,67.0999984741211,48729
2026-02-11 15:32:00+00:00,67.44999694824219,67.54000091552734,67.30999755859375,67.41000366210938,77912
2026-02-11 15:33:00+00:00,67.12000274658203,67.44499969482422,67.05999755859375,67.44499969482422,39658
2026-02-11 15:34:00+00:00,67.08000183105469,67.20999908447266,67.0199966430664,67.12259674072266,35266
2026-02-11 15:35:00+00:00,67.30000305175781,67.31999969482422,67.02999877929688,67.08999633789062,32942
2026-02-11 15:36:00+00:00,67.33499908447266,67.51000213623047,67.29499816894531,67.33000183105469,46107
2026-02-11 15:37:00+00:00,67.44999694824219,67.58000183105469,67.19999694824219,67.36000061035156,42939
2026-02-11 15:38:00+00:00,67.77269744873047,67.80000305175781,67.44000244140625,67.4614028930664,37823
2026-02-11 15:39:00+00:00,67.87999725341797,67.97000122070312,67.75,67.77999877929688,59429
2026-02-11 15:40:00+00:00,68.2750015258789,68.2750015258789,67.87000274658203,67.88639831542969,143867
2026-02-11 15:41:00+00:00,68.0999984741211,68.35199737548828,67.95500183105469,68.26499938964844,61669
2026-02-11 15:42:00+00:00,68.19999694824219,68.30000305175781,67.93000030517578,68.08000183105469,86260
2026-02-11 15:43:00+00:00,68.05500030517578,68.24510192871094,67.97760009765625,68.24510192871094,31288
2026-02-11 15:44:00+00:00,68.19000244140625,68.26000213623047,68.0,68.0199966430664,32441
2026-02-11 15:45:00+00:00,68.20500183105469,68.3949966430664,68.18000030517578,68.23999786376953,73702
2026-02-11 15:46:00+00:00,68.125,68.26499938964844,68.10199737548828,68.22419738769531,23923
2026-02-11 15:47:00+00:00,68.29000091552734,68.29000091552734,67.97000122070312,68.08999633789062,40628
2026-02-11 15:48:00+00:00,68.08000183105469,68.30999755859375,68.05000305175781,68.30999755859375,17191
2026-02-11 15:49:00+00:00,67.88249969482422,68.10749816894531,67.8115005493164,68.05999755859375,34893
2026-02-11 15:50:00+00:00,68.0250015258789,68.0999984741211,67.88999938964844,67.88999938964844,15452
2026-02-11 15:51:00+00:00,68.62999725341797,68.63999938964844,67.9801025390625,67.9801025390625,88225
2026-02-11 15:52:00+00:00,69.09750366210938,69.09919738769531,68.60359954833984,68.6050033569336,50691
2026-02-11 15:53:00+00:00,69.0,69.11000061035156,68.92430114746094,69.05999755859375,39053
2026-02-11 15:54:00+00:00,69.20999908447266,69.20999908447266,68.94000244140625,69.0,55876
2026-02-11 15:55:00+00:00,69.20999908447266,69.28990173339844,69.12010192871094,69.19000244140625,40267
2026-02-11 15:56:00+00:00,69.0,69.23999786376953,68.87000274658203,69.22000122070312,111072
2026-02-11 15:57:00+00:00,69.22000122070312,69.2699966430664,69.01499938964844,69.01499938964844,23818
2026-02-11 15:58:00+00:00,69.18499755859375,69.2699966430664,69.0999984741211,69.23999786376953,27139
2026-02-11 15:59:00+00:00,69.05249786376953,69.2300033569336,69.0199966430664,69.2300033569336,21676
2026-02-11 16:00:00+00:00,69.19000244140625,69.27989959716797,69.05000305175781,69.05909729003906,32571
2026-02-11 16:01:00+00:00,69.13999938964844,69.22000122070312,69.05500030517578,69.22000122070312,15462
2026-02-11 16:02:00+00:00,68.69999694824219,69.19000244140625,68.69999694824219,69.1500015258789,65037
2026-02-11 16:03:00+00:00,68.66999816894531,68.79000091552734,68.59329986572266,68.68000030517578,39794
2026-02-11 16:04:00+00:00,68.79000091552734,68.80000305175781,68.6500015258789,68.65499877929688,24236
2026-02-11 16:05:00+00:00,68.77999877929688,68.86000061035156,68.69000244140625,68.7699966430664,20049
2026-02-11 16:06:00+00:00,68.81500244140625,68.83999633789062,68.66000366210938,68.69000244140625,11573
2026-02-11 16:07:00+00:00,68.58999633789062,68.83999633789062,68.58999633789062,68.81500244140625,24830
2026-02-11 16:08:00+00:00,68.72000122070312,68.75,68.55000305175781,68.58000183105469,16510
2026-02-11 16:09:00+00:00,68.5199966430664,68.73320007324219,68.51000213623047,68.73320007324219,17433
2026-02-11 16:10:00+00:00,68.9845962524414,69.04499816894531,68.41000366210938,68.5,81958
2026-02-11 16:11:00+00:00,69.18000030517578,69.19999694824219,68.86000061035156,68.93000030517578,44016
2026-02-11 16:12:00+00:00,69.36000061035156,69.36000061035156,69.11080169677734,69.18000030517578,23885
2026-02-11 16:13:00+00:00,69.63999938964844,69.66000366210938,69.36000061035156,69.4000015258789,57911
2026-02-11 16:14:00+00:00,69.5999984741211,69.66999816894531,69.55000305175781,69.66999816894531,27306
2026-02-11 16:15:00+00:00,69.4000015258789,69.6500015258789,69.30999755859375,69.62000274658203,82629
2026-02-11 16:16:00+00:00,69.4000015258789,69.47000122070312,69.24009704589844,69.43000030517578,28216
2026-02-11 16:17:00+00:00,69.53500366210938,69.5999984741211,69.37000274658203,69.375,15262
2026-02-11 16:18:00+00:00,69.5,69.5199966430664,69.36000061035156,69.5199966430664,22490
2026-02-11 16:19:00+00:00,69.66000366210938,69.69000244140625,69.50499725341797,69.50499725341797,14936
2026-02-11 16:20:00+00:00,69.68000030517578,69.73999786376953,69.55999755859375,69.6636962890625,20738
2026-02-11 16:21:00+00:00,69.76300048828125,69.83000183105469,69.68000030517578,69.68000030517578,27821
2026-02-11 16:22:00+00:00,69.83000183105469,69.8499984741211,69.64730072021484,69.72000122070312,28349
2026-02-11 16:23:00+00:00,69.8499984741211,69.875,69.77999877929688,69.86000061035156,11867
2026-02-11 16:24:00+00:00,69.86000061035156,70.05500030517578,69.81999969482422,69.8499984741211,70410
2026-02-11 16:25:00+00:00,69.72699737548828,69.9198989868164,69.72699737548828,69.9000015258789,23259
2026-02-11 16:26:00+00:00,69.52999877929688,69.76000213623047,69.4801025390625,69.7300033569336,28203
2026-02-11 16:27:00+00:00,69.5199966430664,69.5250015258789,69.37999725341797,69.48500061035156,21825
2026-02-11 16:28:00+00:00,69.54000091552734,69.6500015258789,69.40660095214844,69.55999755859375,16914
2026-02-11 16:29:00+00:00,69.43769836425781,69.54000091552734,69.4000015258789,69.54000091552734,12386
2026-02-11 16:30:00+00:00,69.47000122070312,69.48999786376953,69.19499969482422,69.2699966430664,25600
2026-02-11 16:31:00+00:00,69.4000015258789,69.55000305175781,69.31400299072266,69.4749984741211,16056
2026-02-11 16:32:00+00:00,69.2249984741211,69.4000015258789,69.2249984741211,69.3373031616211,9268
2026-02-11 16:33:00+00:00,69.44999694824219,69.47000122070312,69.21759796142578,69.21759796142578,16378
2026-02-11 16:34:00+00:00,69.25990295410156,69.47000122070312,69.19999694824219,69.47000122070312,37228
2026-02-11 16:35:00+00:00,69.07499694824219,69.27999877929688,69.05010223388672,69.27999877929688,21491
2026-02-11 16:36:00+00:00,69.12000274658203,69.23999786376953,69.05000305175781,69.05999755859375,13301
2026-02-11 16:37:00+00:00,69.29029846191406,69.32849884033203,69.0999984741211,69.0999984741211,19440
2026-02-11 16:38:00+00:00,69.22769927978516,69.37999725341797,69.22769927978516,69.2699966430664,16696
2026-02-11 16:39:00+00:00,69.34120178222656,69.37999725341797,69.19000244140625,69.21009826660156,8066
2026-02-11 16:40:00+00:00,69.54969787597656,69.56269836425781,69.3499984741211,69.36000061035156,71202
2026-02-11 16:41:00+00:00,69.38500213623047,69.568603515625,69.33999633789062,69.55999755859375,18921
2026-02-11 16:42:00+00:00,69.45999908447266,69.45999908447266,69.37999725341797,69.44020080566406,15315
2026-02-11 16:43:00+00:00,69.4000015258789,69.45999908447266,69.37419891357422,69.44000244140625,7637
2026-02-11 16:44:00+00:00,69.44000244140625,69.5199966430664,69.3949966430664,69.4000015258789,15426
2026-02-11 16:45:00+00:00,69.62000274658203,69.62000274658203,69.39179992675781,69.41000366210938,14588
2026-02-11 16:46:00+00:00,69.66000366210938,69.72000122070312,69.58999633789062,69.61499786376953,17883
2026-02-11 16:47:00+00:00,69.625,69.72000122070312,69.56999969482422,69.6500015258789,15082
2026-02-11 16:48:00+00:00,69.56999969482422,69.6729965209961,69.5145034790039,69.66999816894531,10393
2026-02-11 16:49:00+00:00,69.5000991821289,69.58000183105469,69.44999694824219,69.5,7513
2026-02-11 16:50:00+00:00,69.55999755859375,69.6500015258789,69.49500274658203,69.51000213623047,6992
2026-02-11 16:51:00+00:00,69.56999969482422,69.70999908447266,69.54000091552734,69.58499908447266,9759
2026-02-11 16:52:00+00:00,69.70999908447266,69.72000122070312,69.59700012207031,69.61000061035156,9756
2026-02-11 16:53:00+00:00,69.66000366210938,69.80000305175781,69.63999938964844,69.68000030517578,74741
2026-02-11 16:54:00+00:00,69.56009674072266,69.72000122070312,69.56009674072266,69.62999725341797,13074
2026-02-11 16:55:00+00:00,69.23500061035156,69.58709716796875,69.19170379638672,69.58709716796875,130631
2026-02-11 16:56:00+00:00,69.13999938964844,69.23999786376953,69.02359771728516,69.23500061035156,15988
2026-02-11 16:57:00+00:00,69.0999984741211,69.19999694824219,69.05999755859375,69.05999755859375,15609
2026-02-11 16:58:00+00:00,68.97000122070312,69.1500015258789,68.91999816894531,69.0999984741211,20641
2026-02-11 16:59:00+00:00,68.80000305175781,69.0,68.79499816894531,68.91000366210938,22433
2026-02-11 17:00:00+00:00,68.66000366210938,68.81999969482422,68.62000274658203,68.80000305175781,23574
2026-02-11 17:01:00+00:00,68.52999877929688,68.69499969482422,68.5199966430664,68.67510223388672,28498
2026-02-11 17:02:00+00:00,68.62000274658203,68.62999725341797,68.51000213623047,68.55789947509766,19535
2026-02-11 17:03:00+00:00,68.37999725341797,68.61759948730469,68.3550033569336,68.5999984741211,20037
2026-02-11 17:04:00+00:00,68.26010131835938,68.5,68.26010131835938,68.385498046875,21096
2026-02-11 17:05:00+00:00,68.2699966430664,68.36000061035156,68.2300033569336,68.30500030517578,35367
2026-02-11 17:06:00+00:00,68.25,68.30999755859375,68.19999694824219,68.25749969482422,16003
2026-02-11 17:07:00+00:00,68.36499786376953,68.4000015258789,68.2699966430664,68.30000305175781,19529
2026-02-11 17:08:00+00:00,68.4749984741211,68.51000213623047,68.37000274658203,68.37000274658203,19398
2026-02-11 17:09:00+00:00,68.5199966430664,68.57990264892578,68.43000030517578,68.47750091552734,22633
2026-02-11 17:10:00+00:00,68.41999816894531,68.62999725341797,68.37000274658203,68.56999969482422,29683
2026-02-11 17:11:00+00:00,68.23500061035156,68.51000213623047,68.23500061035156,68.41999816894531,16309
2026-02-11 17:12:00+00:00,68.44000244140625,68.44000244140625,68.20999908447266,68.26000213623047,20344
2026-02-11 17:13:00+00:00,68.37999725341797,68.48999786376953,68.375,68.44000244140625,18686
2026-02-11 17:14:00+00:00,68.2750015258789,68.44000244140625,68.2750015258789,68.41000366210938,6964
2026-02-11 17:15:00+00:00,68.2699966430664,68.37000274658203,68.2136001586914,68.2750015258789,15334
2026-02-11 17:16:00+00:00,68.40709686279297,68.43990325927734,68.13999938964844,68.24500274658203,30642
2026-02-11 17:17:00+00:00,68.43000030517578,68.44000244140625,68.36470031738281,68.39330291748047,19040
2026-02-11 17:18:00+00:00,68.26499938964844,68.4530029296875,68.26499938964844,68.41999816894531,19588
2026-02-11 17:19:00+00:00,68.23999786376953,68.30000305175781,68.19000244140625,68.23999786376953,17580
2026-02-11 17:20:00+00:00,68.1449966430664,68.2750015258789,68.05000305175781,68.26000213623047,16400
2026-02-11 17:21:00+00:00,68.21320343017578,68.23999786376953,68.14409637451172,68.14409637451172,13463
2026-02-11 17:22:00+00:00,68.36000061035156,68.36799621582031,68.20999908447266,68.21929931640625,13927
2026-02-11 17:23:00+00:00,68.37999725341797,68.44000244140625,68.31999969482422,68.36000061035156,36504
2026-02-11 17:24:00+00:00,68.41000366210938,68.47000122070312,68.32499694824219,68.36499786376953,39276
2026-02-11 17:25:00+00:00,68.7030029296875,68.72989654541016,68.41999816894531,68.41999816894531,30370
2026-02-11 17:26:00+00:00,68.75,68.77989959716797,68.66000366210938,68.70980072021484,23816
2026-02-11 17:27:00+00:00,68.61000061035156,68.77999877929688,68.61000061035156,68.76499938964844,19142
2026-02-11 17:28:00+00:00,68.69999694824219,68.69999694824219,68.58830261230469,68.58830261230469,18324
2026-02-11 17:29:00+00:00,68.66000366210938,68.77999877929688,68.63999938964844,68.72039794921875,18528
2026-02-11 17:30:00+00:00,68.6449966430664,68.70999908447266,68.52999877929688,68.63999938964844,25283
2026-02-11 17:31:00+00:00,68.66999816894531,68.7300033569336,68.62000274658203,68.62000274658203,13014
2026-02-11 17:32:00+00:00,68.58999633789062,68.68360137939453,68.55500030517578,68.67500305175781,9485
2026-02-11 17:33:00+00:00,68.58000183105469,68.62999725341797,68.53009796142578,68.58989715576172,18955
2026-02-11 17:34:00+00:00,68.30180358886719,68.58999633789062,68.30169677734375,68.58000183105469,18272
2026-02-11 17:35:00+00:00,68.13999938964844,68.32499694824219,68.06999969482422,68.32499694824219,30962
2026-02-11 17:36:00+00:00,68.07499694824219,68.16999816894531,68.0199966430664,68.0999984741211,19651
2026-02-11 17:37:00+00:00,68.0,68.06999969482422,67.93659973144531,68.04499816894531,32658
2026-02-11 17:38:00+00:00,67.97000122070312,68.06999969482422,67.86399841308594,68.0199966430664,29820
2026-02-11 17:39:00+00:00,67.93499755859375,68.07499694824219,67.93000030517578,67.9800033569336,10990
2026-02-11 17:40:00+00:00,67.93000030517578,67.98999786376953,67.93000030517578,67.95999908447266,11071
2026-02-11 17:41:00+00:00,67.94999694824219,67.99909973144531,67.81999969482422,67.91000366210938,28618
2026-02-11 17:42:00+00:00,68.05000305175781,68.05000305175781,67.91999816894531,67.91999816894531,21250
2026-02-11 17:43:00+00:00,68.19999694824219,68.20960235595703,68.02999877929688,68.03269958496094,23331
2026-02-11 17:44:00+00:00,68.0999984741211,68.16000366210938,68.0,68.15170288085938,40583
2026-02-11 17:45:00+00:00,67.99500274658203,68.1500015258789,67.98539733886719,68.1050033569336,16054
2026-02-11 17:46:00+00:00,68.11000061035156,68.12000274658203,68.02999877929688,68.02999877929688,10012
2026-02-11 17:47:00+00:00,68.12000274658203,68.16000366210938,68.04989624023438,68.13999938964844,11348
2026-02-11 17:48:00+00:00,68.12000274658203,68.20999908447266,68.08499908447266,68.10389709472656,15566
2026-02-11 17:49:00+00:00,68.06999969482422,68.18000030517578,68.05000305175781,68.15989685058594,12878
2026-02-11 17:50:00+00:00,67.88480377197266,68.06230163574219,67.84140014648438,68.05500030517578,21301
2026-02-11 17:51:00+00:00,67.9749984741211,68.08999633789062,67.83999633789062,67.86000061035156,22133
2026-02-11 17:52:00+00:00,67.86000061035156,67.9749984741211,67.8499984741211,67.9749984741211,21980
2026-02-11 17:53:00+00:00,67.77999877929688,67.88999938964844,67.75,67.83999633789062,16420
2026-02-11 17:54:00+00:00,67.84210205078125,67.87000274658203,67.76499938964844,67.77999877929688,13645
2026-02-11 17:55:00+00:00,67.69999694824219,67.87000274658203,67.65129852294922,67.87000274658203,22512
2026-02-11 17:56:00+00:00,67.53500366210938,67.67310333251953,67.48999786376953,67.66999816894531,3079841
2026-02-11 17:57:00+00:00,67.44999694824219,67.6240005493164,67.42009735107422,67.51499938964844,0
2026-02-11 17:58:00+00:00,67.52999877929688,67.5521011352539,67.4000015258789,67.44000244140625,26878
2026-02-11 17:59:00+00:00,67.48999786376953,67.55000305175781,67.44000244140625,67.53800201416016,14765
2026-02-11 18:00:00+00:00,67.44999694824219,67.54000091552734,67.37000274658203,67.51000213623047,21496
2026-02-11 18:01:00+00:00,67.37999725341797,67.48999786376953,67.36000061035156,67.45999908447266,16957
2026-02-11 18:02:00+00:00,67.43000030517578,67.44999694824219,67.2750015258789,67.36000061035156,20662
2026-02-11 18:03:00+00:00,67.44989776611328,67.56950378417969,67.37519836425781,67.37519836425781,15862
2026-02-11 18:04:00+00:00,67.46499633789062,67.4800033569336,67.4000015258789,67.4209976196289,10882
2026-02-11 18:05:00+00:00,67.4198989868164,67.51000213623047,67.38999938964844,67.44999694824219,10149
2026-02-11 18:06:00+00:00,67.37989807128906,67.5199966430664,67.37989807128906,67.44000244140625,14687
2026-02-11 18:07:00+00:00,67.44499969482422,67.47000122070312,67.37000274658203,67.37000274658203,6279
2026-02-11 18:08:00+00:00,67.37999725341797,67.44000244140625,67.37000274658203,67.43499755859375,4535
2026-02-11 18:09:00+00:00,67.33499908447266,67.41000366210938,67.3104019165039,67.38999938964844,10666
2026-02-11 18:10:00+00:00,67.13999938964844,67.30999755859375,67.13999938964844,67.30999755859375,31781
2026-02-11 18:11:00+00:00,67.16999816894531,67.23999786376953,67.12999725341797,67.12999725341797,48345
2026-02-11 18:12:00+00:00,67.20500183105469,67.2300033569336,67.1698989868164,67.18109893798828,13611
2026-02-11 18:13:00+00:00,67.30000305175781,67.32990264892578,67.18000030517578,67.19499969482422,9875
2026-02-11 18:14:00+00:00,67.28500366210938,67.31990051269531,67.26000213623047,67.30000305175781,12912
2026-02-11 18:15:00+00:00,67.37999725341797,67.37999725341797,67.25,67.26000213623047,12916
2026-02-11 18:16:00+00:00,67.54499816894531,67.55999755859375,67.36000061035156,67.38999938964844,24986
2026-02-11 18:17:00+00:00,67.62899780273438,67.62999725341797,67.48999786376953,67.55999755859375,31710
2026-02-11 18:18:00+00:00,67.63520050048828,67.72000122070312,67.5999984741211,67.62999725341797,24265
2026-02-11 18:19:00+00:00,67.68000030517578,67.80999755859375,67.4800033569336,67.63999938964844,34766
2026-02-11 18:20:00+00:00,67.58499908447266,67.65499877929688,67.56500244140625,67.63999938964844,8303
2026-02-11 18:21:00+00:00,67.69000244140625,67.70999908447266,67.5999984741211,67.5999984741211,11320
2026-02-11 18:22:00+00:00,67.81999969482422,67.81999969482422,67.70999908447266,67.70999908447266,7715
2026-02-11 18:23:00+00:00,67.76000213623047,67.7699966430664,67.72000122070312,67.7699966430664,15729
2026-02-11 18:24:00+00:00,67.77999877929688,67.84989929199219,67.73509979248047,67.79000091552734,11247
2026-02-11 18:25:00+00:00,67.80000305175781,67.80000305175781,67.7334976196289,67.7699966430664,8929
2026-02-11 18:26:00+00:00,67.87000274658203,67.87000274658203,67.76000213623047,67.79399871826172,12364
2026-02-11 18:27:00+00:00,67.91000366210938,67.97000122070312,67.77999877929688,67.80000305175781,14253
2026-02-11 18:28:00+00:00,68.09500122070312,68.11930084228516,67.93000030517578,67.93000030517578,26730
2026-02-11 18:29:00+00:00,68.08070373535156,68.13990020751953,68.0199966430664,68.09739685058594,21211
2026-02-11 18:30:00+00:00,67.93879699707031,68.18000030517578,67.9000015258789,68.0999984741211,51642
2026-02-11 18:31:00+00:00,67.91999816894531,67.96499633789062,67.88500213623047,67.94000244140625,8754
2026-02-11 18:32:00+00:00,67.91000366210938,67.93000030517578,67.8499984741211,67.91999816894531,12363
2026-02-11 18:33:00+00:00,67.79499816894531,67.93000030517578,67.79000091552734,67.9000015258789,20267
2026-02-11 18:34:00+00:00,67.80000305175781,67.81999969482422,67.7300033569336,67.7699966430664,13219
2026-02-11 18:35:00+00:00,67.83000183105469,67.93499755859375,67.76000213623047,67.76000213623047,8414
2026-02-11 18:36:00+00:00,67.8499984741211,67.86000061035156,67.76000213623047,67.83000183105469,7854
2026-02-11 18:37:00+00:00,67.88999938964844,67.9209976196289,67.839599609375,67.83999633789062,10490
2026-02-11 18:38:00+00:00,68.11000061035156,68.11000061035156,67.90499877929688,67.90499877929688,7312
2026-02-11 18:39:00+00:00,68.02999877929688,68.12000274658203,68.02999877929688,68.10070037841797,12090
2026-02-11 18:40:00+00:00,68.0,68.0,67.91999816894531,68.0,19151
2026-02-11 18:41:00+00:00,68.02999877929688,68.06999969482422,67.88009643554688,67.9800033569336,14271
2026-02-11 18:42:00+00:00,68.05500030517578,68.11990356445312,68.02999877929688,68.04000091552734,10577
2026-02-11 18:43:00+00:00,68.08999633789062,68.14399719238281,68.03690338134766,68.08000183105469,9114
2026-02-11 18:44:00+00:00,68.12000274658203,68.12000274658203,68.01000213623047,68.08999633789062,8668
2026-02-11 18:45:00+00:00,68.1240005493164,68.1500015258789,68.04499816894531,68.12999725341797,11540
2026-02-11 18:46:00+00:00,68.19999694824219,68.2300033569336,68.12000274658203,68.13999938964844,12595
2026-02-11 18:47:00+00:00,68.18000030517578,68.26000213623047,68.11499786376953,68.23999786376953,8860
2026-02-11 18:48:00+00:00,68.2699966430664,68.27999877929688,68.18000030517578,68.18000030517578,8749
2026-02-11 18:49:00+00:00,68.27999877929688,68.35990142822266,68.2300033569336,68.25,18118
2026-02-11 18:50:00+00:00,68.16000366210938,68.33999633789062,67.84089660644531,68.33999633789062,57484
2026-02-11 18:51:00+00:00,68.20999908447266,68.21980285644531,68.05000305175781,68.06999969482422,16574
2026-02-11 18:52:00+00:00,68.34500122070312,68.34500122070312,68.18009948730469,68.18009948730469,20076
2026-02-11 18:53:00+00:00,68.36499786376953,68.37090301513672,68.30999755859375,68.31050109863281,20725
2026-02-11 18:54:00+00:00,68.4000015258789,68.44999694824219,68.27999877929688,68.37999725341797,24321
2026-02-11 18:55:00+00:00,68.5,68.5,68.36499786376953,68.41999816894531,19182
2026-02-11 18:56:00+00:00,68.53500366210938,68.56999969482422,68.4800033569336,68.52999877929688,11800
2026-02-11 18:57:00+00:00,68.51499938964844,68.56999969482422,68.51499938964844,68.54499816894531,10853
2026-02-11 18:58:00+00:00,68.44499969482422,68.5,68.3949966430664,68.5,10778
2026-02-11 18:59:00+00:00,68.54000091552734,68.54000091552734,68.4446029663086,68.45999908447266,7994
2026-02-11 19:00:00+00:00,68.70989990234375,68.70999908447266,68.53500366210938,68.53500366210938,28016
2026-02-11 19:01:00+00:00,68.79499816894531,68.79499816894531,68.68499755859375,68.68499755859375,14413
2026-02-11 19:02:00+00:00,68.87000274658203,68.94000244140625,68.70999908447266,68.73999786376953,16724
2026-02-11 19:03:00+00:00,68.83350372314453,68.9000015258789,68.81999969482422,68.9000015258789,15508
2026-02-11 19:04:00+00:00,69.0,69.0,68.83999633789062,68.83999633789062,9546
2026-02-11 19:05:00+00:00,69.0,69.04000091552734,68.88800048828125,69.0,17373
2026-02-11 19:06:00+00:00,69.07499694824219,69.0999984741211,68.94000244140625,68.9749984741211,11114
2026-02-11 19:07:00+00:00,69.25,69.25,69.0,69.07499694824219,20515
2026-02-11 19:08:00+00:00,69.21009826660156,69.28990173339844,69.16200256347656,69.23269653320312,19252
2026-02-11 19:09:00+00:00,68.9229965209961,69.2499008178711,68.8499984741211,69.2300033569336,43971
2026-02-11 19:10:00+00:00,69.1050033569336,69.1050033569336,68.91999816894531,68.9219970703125,15863
2026-02-11 19:11:00+00:00,69.2249984741211,69.25,69.0999984741211,69.0999984741211,14682
2026-02-11 19:12:00+00:00,69.31999969482422,69.3239974975586,69.22000122070312,69.23930358886719,14960
2026-02-11 19:13:00+00:00,69.44999694824219,69.47000122070312,69.30000305175781,69.3114013671875,25855
2026-02-11 19:14:00+00:00,69.4800033569336,69.5199966430664,69.41000366210938,69.43000030517578,22303
2026-02-11 19:15:00+00:00,69.62999725341797,69.62999725341797,69.44999694824219,69.48999786376953,37751
2026-02-11 19:16:00+00:00,69.66500091552734,69.68499755859375,69.56999969482422,69.63999938964844,21864
2026-02-11 19:17:00+00:00,69.67559814453125,69.69000244140625,69.61000061035156,69.64610290527344,15284
2026-02-11 19:18:00+00:00,69.62999725341797,69.69830322265625,69.62000274658203,69.66400146484375,8951
2026-02-11 19:19:00+00:00,69.66999816894531,69.7249984741211,69.62999725341797,69.62999725341797,8735
2026-02-11 19:20:00+00:00,69.75499725341797,69.80000305175781,69.61009979248047,69.6500015258789,35739
2026-02-11 19:21:00+00:00,69.78500366210938,69.80000305175781,69.7300033569336,69.75669860839844,11911
2026-02-11 19:22:00+00:00,69.6500015258789,69.78990173339844,69.61000061035156,69.78990173339844,13509
2026-02-11 19:23:00+00:00,69.83000183105469,69.83000183105469,69.62000274658203,69.68000030517578,20168
2026-02-11 19:24:00+00:00,69.83709716796875,69.86000061035156,69.75,69.83000183105469,11696
2026-02-11 19:25:00+00:00,69.86499786376953,69.88999938964844,69.7301025390625,69.83999633789062,14430
2026-02-11 19:26:00+00:00,69.79000091552734,69.91000366210938,69.7300033569336,69.83699798583984,18398
2026-02-11 19:27:00+00:00,69.67150115966797,69.80159759521484,69.66000366210938,69.7699966430664,15690
2026-02-11 19:28:00+00:00,69.62000274658203,69.76000213623047,69.58000183105469,69.69499969482422,17349
2026-02-11 19:29:00+00:00,69.69000244140625,69.69000244140625,69.58999633789062,69.62999725341797,16012
2026-02-11 19:30:00+00:00,69.3499984741211,69.7300033569336,69.1500015258789,69.68000030517578,69884
2026-02-11 19:31:00+00:00,69.44000244140625,69.45999908447266,69.2300033569336,69.30999755859375,15110
2026-02-11 19:32:00+00:00,69.47699737548828,69.52999877929688,69.41000366210938,69.4800033569336,20042
2026-02-11 19:33:00+00:00,69.55500030517578,69.56500244140625,69.45500183105469,69.45500183105469,14898
2026-02-11 19:34:00+00:00,69.55999755859375,69.63590240478516,69.52999877929688,69.5895004272461,13709
2026-02-11 19:35:00+00:00,69.56999969482422,69.5999984741211,69.54010009765625,69.56500244140625,6853
2026-02-11 19:36:00+00:00,69.55010223388672,69.58999633789062,69.51799774169922,69.55999755859375,7712
2026-02-11 19:37:00+00:00,69.66999816894531,69.66999816894531,69.5,69.58000183105469,11319
2026-02-11 19:38:00+00:00,69.63500213623047,69.7239990234375,69.61000061035156,69.68000030517578,9630
2026-02-11 19:39:00+00:00,69.60299682617188,69.68000030517578,69.55999755859375,69.64600372314453,11742
2026-02-11 19:40:00+00:00,69.67749786376953,69.69999694824219,69.55000305175781,69.55000305175781,8218
2026-02-11 19:41:00+00:00,69.61699676513672,69.69989776611328,69.58110046386719,69.66999816894531,10739
2026-02-11 19:42:00+00:00,69.73999786376953,69.7699966430664,69.61000061035156,69.62000274658203,15542
2026-02-11 19:43:00+00:00,69.80500030517578,69.81999969482422,69.70500183105469,69.72000122070312,66647
2026-02-11 19:44:00+00:00,69.97000122070312,70.0,69.78500366210938,69.78500366210938,11848
2026-02-11 19:45:00+00:00,69.7300033569336,70.13999938964844,69.66500091552734,69.97000122070312,56928
2026-02-11 19:46:00+00:00,69.94999694824219,69.95989990234375,69.66000366210938,69.7699966430664,30370
2026-02-11 19:47:00+00:00,69.86000061035156,69.9000015258789,69.79000091552734,69.87580108642578,12437
2026-02-11 19:48:00+00:00,69.93000030517578,69.93000030517578,69.83000183105469,69.89990234375,16422
2026-02-11 19:49:00+00:00,69.99500274658203,70.01000213623047,69.9000015258789,69.93000030517578,21497
2026-02-11 19:50:00+00:00,70.02999877929688,70.05000305175781,69.90360260009766,70.0,17465
2026-02-11 19:51:00+00:00,70.1156005859375,70.1156005859375,69.93000030517578,70.02999877929688,9059
2026-02-11 19:52:00+00:00,70.06500244140625,70.19000244140625,70.06500244140625,70.13999938964844,16827
2026-02-11 19:53:00+00:00,70.08000183105469,70.152099609375,70.05000305175781,70.12999725341797,16441
2026-02-11 19:54:00+00:00,70.13999938964844,70.16999816894531,70.0479965209961,70.05000305175781,9766
2026-02-11 19:55:00+00:00,70.06999969482422,70.24009704589844,70.05000305175781,70.19000244140625,15658
2026-02-11 19:56:00+00:00,70.01000213623047,70.11609649658203,69.98999786376953,70.07890319824219,13624
2026-02-11 19:57:00+00:00,70.04000091552734,70.04000091552734,69.91999816894531,70.0,73198
2026-02-11 19:58:00+00:00,69.90160369873047,70.05500030517578,69.88999938964844,70.05500030517578,10511
2026-02-11 19:59:00+00:00,69.6500015258789,69.94999694824219,69.6500015258789,69.92500305175781,25525
2026-02-11 20:00:00+00:00,69.5999984741211,69.6449966430664,69.37999725341797,69.6449966430664,56774
2026-02-11 20:01:00+00:00,69.79499816894531,69.79889678955078,69.61669921875,69.625,10668
2026-02-11 20:02:00+00:00,69.7699966430664,69.8499984741211,69.72000122070312,69.81999969482422,10471
2026-02-11 20:03:00+00:00,69.86000061035156,69.88999938964844,69.79000091552734,69.80000305175781,9216
2026-02-11 20:04:00+00:00,69.7300033569336,69.87999725341797,69.7300033569336,69.83999633789062,12348
2026-02-11 20:05:00+00:00,69.75,69.80999755859375,69.69000244140625,69.7300033569336,7955
2026-02-11 20:06:00+00:00,69.5999984741211,69.7781982421875,69.5999984741211,69.75,12025
2026-02-11 20:07:00+00:00,69.58999633789062,69.6698989868164,69.52010345458984,69.63999938964844,11628
2026-02-11 20:08:00+00:00,69.45999908447266,69.61000061035156,69.45999908447266,69.58499908447266,8496
2026-02-11 20:09:00+00:00,69.41999816894531,69.51000213623047,69.4000015258789,69.44999694824219,16860
2026-02-11 20:10:00+00:00,69.38999938964844,69.44989776611328,69.3550033569336,69.41999816894531,13468
2026-02-11 20:11:00+00:00,69.33999633789062,69.40499877929688,69.33999633789062,69.33999633789062,7937
2026-02-11 20:12:00+00:00,69.30000305175781,69.3499984741211,69.17009735107422,69.33000183105469,20184
2026-02-11 20:13:00+00:00,69.38999938964844,69.41999816894531,69.24500274658203,69.24500274658203,15093
2026-02-11 20:14:00+00:00,69.23500061035156,69.4000015258789,69.16000366210938,69.4000015258789,21941
2026-02-11 20:15:00+00:00,69.5199966430664,69.56990051269531,69.24500274658203,69.24500274658203,10414
2026-02-11 20:16:00+00:00,69.36000061035156,69.58999633789062,69.34500122070312,69.54000091552734,16969
2026-02-11 20:17:00+00:00,69.36000061035156,69.44999694824219,69.3499984741211,69.36000061035156,13133
2026-02-11 20:18:00+00:00,69.26860046386719,69.37999725341797,69.11000061035156,69.37999725341797,20809
2026-02-11 20:19:00+00:00,69.12999725341797,69.31999969482422,69.12339782714844,69.30999755859375,13533
2026-02-11 20:20:00+00:00,69.1050033569336,69.19000244140625,69.08999633789062,69.13500213623047,24290
2026-02-11 20:21:00+00:00,69.12000274658203,69.17500305175781,69.06999969482422,69.16000366210938,11741
2026-02-11 20:22:00+00:00,68.97840118408203,69.16000366210938,68.93000030517578,69.08999633789062,31539
2026-02-11 20:23:00+00:00,69.12000274658203,69.12999725341797,68.91000366210938,68.9749984741211,22340
2026-02-11 20:24:00+00:00,69.0999984741211,69.1500015258789,69.05850219726562,69.1500015258789,5538
2026-02-11 20:25:00+00:00,69.16500091552734,69.22000122070312,69.08000183105469,69.08660125732422,10289
2026-02-11 20:26:00+00:00,69.01499938964844,69.19999694824219,69.01010131835938,69.18000030517578,20834
2026-02-11 20:27:00+00:00,68.93289947509766,69.04000091552734,68.91000366210938,69.02999877929688,15896
2026-02-11 20:28:00+00:00,68.83799743652344,68.9800033569336,68.83799743652344,68.93499755859375,9869
2026-02-11 20:29:00+00:00,68.77179718017578,68.875,68.76000213623047,68.85230255126953,22485
2026-02-11 20:30:00+00:00,68.76000213623047,68.83499908447266,68.7300033569336,68.79000091552734,18837
2026-02-11 20:31:00+00:00,68.87000274658203,68.87000274658203,68.73999786376953,68.77999877929688,11364
2026-02-11 20:32:00+00:00,68.94000244140625,69.11000061035156,68.88999938964844,68.9000015258789,33004
2026-02-11 20:33:00+00:00,68.94000244140625,69.0,68.87000274658203,68.97000122070312,9914
2026-02-11 20:34:00+00:00,69.0,69.04000091552734,68.93000030517578,68.93000030517578,12382
2026-02-11 20:35:00+00:00,69.01499938964844,69.0250015258789,68.94999694824219,69.01000213623047,11669
2026-02-11 20:36:00+00:00,69.20999908447266,69.27989959716797,69.0250015258789,69.0250015258789,25025
2026-02-11 20:37:00+00:00,69.177001953125,69.2300033569336,69.1500015258789,69.22959899902344,23820
2026-02-11 20:38:00+00:00,69.19999694824219,69.27359771728516,69.18209838867188,69.19989776611328,12329
2026-02-11 20:39:00+00:00,69.33000183105469,69.33000183105469,69.19499969482422,69.19999694824219,18171
2026-02-11 20:40:00+00:00,69.45999908447266,69.47000122070312,69.2699966430664,69.32499694824219,21701
2026-02-11 20:41:00+00:00,69.34500122070312,69.47000122070312,69.31999969482422,69.43009948730469,16010
2026-02-11 20:42:00+00:00,69.3499984741211,69.36000061035156,69.2699966430664,69.30000305175781,13926
2026-02-11 20:43:00+00:00,69.32499694824219,69.3499984741211,69.29000091552734,69.33999633789062,7481
2026-02-11 20:44:00+00:00,69.33999633789062,69.36000061035156,69.30500030517578,69.30999755859375,10516
2026-02-11 20:45:00+00:00,69.25499725341797,69.40499877929688,69.25,69.33999633789062,16932
2026-02-11 20:46:00+00:00,69.23999786376953,69.27999877929688,69.19000244140625,69.25,19699
2026-02-11 20:47:00+00:00,69.185302734375,69.27999877929688,69.18000030517578,69.2249984741211,12624
2026-02-11 20:48:00+00:00,69.24500274658203,69.26000213623047,69.18000030517578,69.18679809570312,31921
2026-02-11 20:49:00+00:00,69.3499984741211,69.38999938964844,69.18499755859375,69.2249984741211,16110
2026-02-11 20:50:00+00:00,69.27999877929688,69.43000030517578,69.27999877929688,69.36000061035156,24706
2026-02-11 20:51:00+00:00,69.38999938964844,69.38999938964844,69.26000213623047,69.29499816894531,20664
2026-02-11 20:52:00+00:00,69.30999755859375,69.4000015258789,69.30000305175781,69.4000015258789,15776
2026-02-11 20:53:00+00:00,69.46499633789062,69.47000122070312,69.32499694824219,69.33000183105469,27751
2026-02-11 20:54:00+00:00,69.5250015258789,69.55000305175781,69.45999908447266,69.4749984741211,82572
2026-02-11 20:55:00+00:00,69.61000061035156,69.63990020751953,69.5,69.5199966430664,67445
2026-02-11 20:56:00+00:00,69.66999816894531,69.66999816894531,69.58000183105469,69.5999984741211,49439
2026-02-11 20:57:00+00:00,69.58999633789062,69.68000030517578,69.54000091552734,69.66999816894531,53859
2026-02-11 20:58:00+00:00,69.66999816894531,69.69000244140625,69.55999755859375,69.58709716796875,73121
2026-02-11 20:59:00+00:00,69.58999633789062,69.69000244140625,69.58000183105469,69.68000030517578,125181
2026-02-12 14:30:00+00:00,66.91000366210938,68.16999816894531,66.8499984741211,67.5,671801
2026-02-12 14:31:00+00:00,67.62000274658203,67.6500015258789,66.80000305175781,66.91999816894531,63270
2026-02-12 14:32:00+00:00,68.19499969482422,68.33000183105469,67.37000274658203,67.59500122070312,79304
2026-02-12 14:33:00+00:00,68.36499786376953,68.44950103759766,67.76000213623047,68.33000183105469,51678
2026-02-12 14:34:00+00:00,67.49500274658203,68.43229675292969,67.3499984741211,68.3550033569336,42167
2026-02-12 14:35:00+00:00,66.8499984741211,67.63999938964844,66.72000122070312,67.25559997558594,69370
2026-02-12 14:36:00+00:00,66.86000061035156,67.0,66.62999725341797,66.8499984741211,54333
2026-02-12 14:37:00+00:00,66.92400360107422,67.08499908447266,66.7699966430664,66.87000274658203,31699
2026-02-12 14:38:00+00:00,67.16500091552734,67.22239685058594,66.77999877929688,66.98280334472656,47596
2026-02-12 14:39:00+00:00,67.49500274658203,67.5,67.0999984741211,67.16500091552734,67119
2026-02-12 14:40:00+00:00,67.81999969482422,67.87000274658203,67.29000091552734,67.53340148925781,56544
2026-02-12 14:41:00+00:00,67.56999969482422,67.88999938964844,67.55999755859375,67.88999938964844,38876
2026-02-12 14:42:00+00:00,67.80500030517578,67.83999633789062,67.30079650878906,67.56999969482422,37870
2026-02-12 14:43:00+00:00,68.13999938964844,68.27680206298828,67.66999816894531,67.84989929199219,77497
2026-02-12 14:44:00+00:00,67.79000091552734,68.13999938964844,67.62999725341797,68.13500213623047,28027
2026-02-12 14:45:00+00:00,66.87000274658203,68.0199966430664,66.87000274658203,67.7300033569336,58061
2026-02-12 14:46:00+00:00,67.08999633789062,67.27999877929688,66.56999969482422,66.7699966430664,59500
2026-02-12 14:47:00+00:00,66.80000305175781,67.08979797363281,66.75,67.00659942626953,60551
2026-02-12 14:48:00+00:00,66.44619750976562,66.90229797363281,66.37999725341797,66.80000305175781,97158
2026-02-12 14:49:00+00:00,66.16000366210938,66.63849639892578,66.16000366210938,66.47000122070312,63058
2026-02-12 14:50:00+00:00,66.58999633789062,66.63999938964844,66.0999984741211,66.20999908447266,58771
2026-02-12 14:51:00+00:00,66.6500015258789,66.9000015258789,66.4832992553711,66.70220184326172,54335
2026-02-12 14:52:00+00:00,66.0199966430664,66.62000274658203,66.0199966430664,66.59500122070312,62418
2026-02-12 14:53:00+00:00,66.37100219726562,66.44000244140625,66.02999877929688,66.05000305175781,46099
2026-02-12 14:54:00+00:00,66.447998046875,66.5,66.26000213623047,66.38999938964844,36510
2026-02-12 14:55:00+00:00,66.0,66.45999908447266,65.95999908447266,66.44999694824219,78441
2026-02-12 14:56:00+00:00,65.58999633789062,66.0,65.58999633789062,66.0,53528
2026-02-12 14:57:00+00:00,65.67160034179688,65.79000091552734,65.5,65.5999984741211,54442
2026-02-12 14:58:00+00:00,65.69999694824219,65.9198989868164,65.5999984741211,65.66000366210938,48334
2026-02-12 14:59:00+00:00,65.80000305175781,65.80000305175781,65.55000305175781,65.65499877929688,57746
2026-02-12 15:00:00+00:00,65.3550033569336,65.80000305175781,65.2500991821289,65.80000305175781,83520
2026-02-12 15:01:00+00:00,65.72000122070312,65.75,65.25,65.3550033569336,70843
2026-02-12 15:02:00+00:00,65.52999877929688,65.80999755859375,65.48999786376953,65.69000244140625,36644
2026-02-12 15:03:00+00:00,65.55999755859375,65.62999725341797,65.44999694824219,65.56999969482422,35721
2026-02-12 15:04:00+00:00,65.55999755859375,65.80000305175781,65.51950073242188,65.55999755859375,44999
2026-02-12 15:05:00+00:00,65.9999008178711,65.9999008178711,65.56999969482422,65.56999969482422,42668
2026-02-12 15:06:00+00:00,66.38999938964844,66.41999816894531,65.94999694824219,65.94999694824219,84475
2026-02-12 15:07:00+00:00,66.5,66.54000091552734,66.2699966430664,66.36239624023438,60034
2026-02-12 15:08:00+00:00,66.02999877929688,66.54000091552734,66.0,66.4800033569336,51078
2026-02-12 15:09:00+00:00,66.05999755859375,66.15499877929688,65.95999908447266,66.02999877929688,32074
2026-02-12 15:10:00+00:00,65.87010192871094,66.12999725341797,65.81999969482422,66.12999725341797,37186
2026-02-12 15:11:00+00:00,65.75,65.98999786376953,65.75,65.94000244140625,26904
2026-02-12 15:12:00+00:00,66.26000213623047,66.31939697265625,65.75,65.76000213623047,64726
2026-02-12 15:13:00+00:00,66.5199966430664,66.5199966430664,66.23999786376953,66.26000213623047,46189
2026-02-12 15:14:00+00:00,66.8499984741211,66.8550033569336,66.54989624023438,66.54989624023438,67147
2026-02-12 15:15:00+00:00,66.9000015258789,66.9000015258789,66.69999694824219,66.83000183105469,42802
2026-02-12 15:16:00+00:00,67.05139923095703,67.08000183105469,66.88999938964844,66.90499877929688,53234
2026-02-12 15:17:00+00:00,66.62000274658203,67.05999755859375,66.62000274658203,67.05999755859375,47558
2026-02-12 15:18:00+00:00,66.83499908447266,66.94499969482422,66.67500305175781,66.67500305175781,34566
2026-02-12 15:19:00+00:00,66.84500122070312,66.94000244140625,66.69999694824219,66.83000183105469,22717
2026-02-12 15:20:00+00:00,66.55999755859375,66.8499984741211,66.54000091552734,66.8499984741211,24048
2026-02-12 15:21:00+00:00,66.26000213623047,66.62999725341797,66.26000213623047,66.59989929199219,33800
2026-02-12 15:22:00+00:00,67.01499938964844,67.12999725341797,66.27010345458984,66.28500366210938,44166
2026-02-12 15:23:00+00:00,66.66000366210938,67.01399993896484,66.6500015258789,67.01399993896484,70140
2026-02-12 15:24:00+00:00,66.73999786376953,66.80999755859375,66.66000366210938,66.68000030517578,23349
2026-02-12 15:25:00+00:00,66.73999786376953,66.8499984741211,66.69999694824219,66.73999786376953,17572
2026-02-12 15:26:00+00:00,66.5250015258789,66.73999786376953,66.45010375976562,66.73999786376953,26818
2026-02-12 15:27:00+00:00,66.53500366210938,66.63999938964844,66.50299835205078,66.54989624023438,20621
2026-02-12 15:28:00+00:00,66.7699966430664,66.77999877929688,66.5,66.5,21907
2026-02-12 15:29:00+00:00,66.58619689941406,66.76000213623047,66.52970123291016,66.72000122070312,14523
2026-02-12 15:30:00+00:00,66.81400299072266,66.875,66.56060028076172,66.57499694824219,14009
2026-02-12 15:31:00+00:00,66.55000305175781,66.83499908447266,66.55000305175781,66.80999755859375,12674
2026-02-12 15:32:00+00:00,66.27999877929688,66.62139892578125,66.18000030517578,66.56999969482422,66893
2026-02-12 15:33:00+00:00,66.07969665527344,66.31990051269531,66.0,66.2916030883789,25827
2026-02-12 15:34:00+00:00,65.92250061035156,66.05999755859375,65.88999938964844,66.01000213623047,56950
2026-02-12 15:35:00+00:00,65.94000244140625,66.05999755859375,65.8499984741211,65.88999938964844,35309
2026-02-12 15:36:00+00:00,65.93000030517578,65.9800033569336,65.82620239257812,65.93000030517578,29719
2026-02-12 15:37:00+00:00,65.75,66.0250015258789,65.70999908447266,65.93000030517578,25051
2026-02-12 15:38:00+00:00,65.75180053710938,65.77999877929688,65.65010070800781,65.75,15746
2026-02-12 15:39:00+00:00,65.76000213623047,65.8499984741211,65.6760025024414,65.76930236816406,19919
2026-02-12 15:40:00+00:00,65.69339752197266,65.94000244140625,65.68009948730469,65.83000183105469,29801
2026-02-12 15:41:00+00:00,65.7699966430664,65.88999938964844,65.69000244140625,65.73609924316406,18623
2026-02-12 15:42:00+00:00,65.93000030517578,66.0,65.67500305175781,65.76640319824219,19616
2026-02-12 15:43:00+00:00,66.08000183105469,66.1449966430664,65.94999694824219,65.9728012084961,21360
2026-02-12 15:44:00+00:00,65.87999725341797,66.08000183105469,65.87999725341797,66.0094985961914,25456
2026-02-12 15:45:00+00:00,66.37999725341797,66.38999938964844,65.9000015258789,65.91999816894531,27039
2026-02-12 15:46:00+00:00,66.13999938964844,66.41999816894531,66.0999984741211,66.41000366210938,39618
2026-02-12 15:47:00+00:00,66.0999984741211,66.19999694824219,66.0999984741211,66.17109680175781,13228
2026-02-12 15:48:00+00:00,65.98200225830078,66.16560363769531,65.94999694824219,66.14019775390625,24451
2026-02-12 15:49:00+00:00,66.20120239257812,66.25,65.91999816894531,65.93000030517578,40818
2026-02-12 15:50:00+00:00,66.11000061035156,66.2979965209961,66.0999984741211,66.19999694824219,18959
2026-02-12 15:51:00+00:00,66.17150115966797,66.18499755859375,66.0,66.05999755859375,20238
2026-02-12 15:52:00+00:00,65.86009979248047,66.18000030517578,65.8499984741211,66.18000030517578,20706
2026-02-12 15:53:00+00:00,65.8499984741211,65.91000366210938,65.79010009765625,65.9000015258789,18064
2026-02-12 15:54:00+00:00,65.6500015258789,65.83999633789062,65.6500015258789,65.83499908447266,23775
2026-02-12 15:55:00+00:00,65.79900360107422,65.80999755859375,65.5999984741211,65.5999984741211,22326
2026-02-12 15:56:00+00:00,65.84500122070312,65.86000061035156,65.70999908447266,65.73999786376953,21548
2026-02-12 15:57:00+00:00,65.78510284423828,65.92500305175781,65.76000213623047,65.8550033569336,20613
2026-02-12 15:58:00+00:00,65.83000183105469,65.87999725341797,65.7750015258789,65.79000091552734,17445
2026-02-12 15:59:00+00:00,65.73999786376953,65.83999633789062,65.72760009765625,65.83999633789062,10906
2026-02-12 16:00:00+00:00,65.87000274658203,65.87000274658203,65.69999694824219,65.79000091552734,11296
2026-02-12 16:01:00+00:00,65.97989654541016,65.98999786376953,65.86000061035156,65.87590026855469,21823
2026-02-12 16:02:00+00:00,65.81999969482422,65.95890045166016,65.75,65.95890045166016,15829
2026-02-12 16:03:00+00:00,65.91000366210938,66.0,65.81009674072266,65.81999969482422,18876
2026-02-12 16:04:00+00:00,65.81999969482422,65.9000015258789,65.70999908447266,65.9000015258789,19237
2026-02-12 16:05:00+00:00,65.61990356445312,65.80999755859375,65.55999755859375,65.77999877929688,20121
2026-02-12 16:06:00+00:00,65.62100219726562,65.68990325927734,65.55000305175781,65.58499908447266,18554
2026-02-12 16:07:00+00:00,65.58999633789062,65.68000030517578,65.51000213623047,65.625,16023
2026-02-12 16:08:00+00:00,65.58989715576172,65.69000244140625,65.55000305175781,65.6270980834961,25900
2026-02-12 16:09:00+00:00,65.5199966430664,65.61000061035156,65.47000122070312,65.59500122070312,27100
2026-02-12 16:10:00+00:00,65.41000366210938,65.55000305175781,65.38999938964844,65.51000213623047,34176
2026-02-12 16:11:00+00:00,65.35870361328125,65.55999755859375,65.35870361328125,65.41000366210938,21992
2026-02-12 16:12:00+00:00,65.41999816894531,65.44999694824219,65.26000213623047,65.33999633789062,30095
2026-02-12 16:13:00+00:00,65.23999786376953,65.41500091552734,65.23999786376953,65.38999938964844,20734
2026-02-12 16:14:00+00:00,65.20040130615234,65.3499984741211,65.19999694824219,65.26499938964844,27194
2026-02-12 16:15:00+00:00,65.08499908447266,65.3052978515625,65.0199966430664,65.20999908447266,1724663
2026-02-12 16:16:00+00:00,64.94999694824219,65.12000274658203,64.8499984741211,65.08999633789062,0
2026-02-12 16:17:00+00:00,65.04499816894531,65.16000366210938,64.88999938964844,64.94999694824219,123369
2026-02-12 16:18:00+00:00,64.8781967163086,65.08000183105469,64.86000061035156,65.04000091552734,66189
2026-02-12 16:19:00+00:00,64.9728012084961,65.0,64.78199768066406,64.87999725341797,41947
2026-02-12 16:20:00+00:00,64.72000122070312,64.93000030517578,64.72000122070312,64.91000366210938,37407
2026-02-12 16:21:00+00:00,64.73999786376953,64.86000061035156,64.70999908447266,64.72000122070312,43244
2026-02-12 16:22:00+00:00,64.5115966796875,64.77999877929688,64.44000244140625,64.72949981689453,66313
2026-02-12 16:23:00+00:00,64.69000244140625,64.69999694824219,64.45999908447266,64.52999877929688,49901
2026-02-12 16:24:00+00:00,64.6500015258789,64.88999938964844,64.63999938964844,64.7699966430664,37455
2026-02-12 16:25:00+00:00,64.58300018310547,64.76000213623047,64.55000305175781,64.63999938964844,32941
2026-02-12 16:26:00+00:00,64.47000122070312,64.62999725341797,64.45390319824219,64.55059814453125,42055
2026-02-12 16:27:00+00:00,64.5,64.5999984741211,64.41999816894531,64.49629974365234,26571
2026-02-12 16:28:00+00:00,64.13600158691406,64.49749755859375,64.11000061035156,64.49749755859375,47143
2026-02-12 16:29:00+00:00,63.92499923706055,64.16000366210938,63.88999938964844,64.16000366210938,154676
2026-02-12 16:30:00+00:00,63.994998931884766,64.10910034179688,63.880001068115234,63.941001892089844,83525
2026-02-12 16:31:00+00:00,64.0,64.05999755859375,63.869998931884766,64.02999877929688,39182
2026-02-12 16:32:00+00:00,64.3395004272461,64.3395004272461,63.96500015258789,63.96500015258789,61594
2026-02-12 16:33:00+00:00,64.2750015258789,64.45999908447266,64.19999694824219,64.36479949951172,44762
2026-02-12 16:34:00+00:00,64.33499908447266,64.37000274658203,64.16000366210938,64.2750015258789,23972
2026-02-12 16:35:00+00:00,64.55010223388672,64.62000274658203,64.27999877929688,64.34500122070312,53744
2026-02-12 16:36:00+00:00,64.83000183105469,64.83000183105469,64.33080291748047,64.58999633789062,120394
2026-02-12 16:37:00+00:00,64.54499816894531,64.83999633789062,64.54000091552734,64.83999633789062,50906
2026-02-12 16:38:00+00:00,64.47000122070312,64.6500015258789,64.3949966430664,64.57830047607422,47745
2026-02-12 16:39:00+00:00,64.66000366210938,64.6968994140625,64.42469787597656,64.5199966430664,32849
2026-02-12 16:40:00+00:00,64.47000122070312,64.73999786376953,64.43000030517578,64.62999725341797,43770
2026-02-12 16:41:00+00:00,64.5250015258789,64.56900024414062,64.38999938964844,64.4800033569336,22653
2026-02-12 16:42:00+00:00,64.46499633789062,64.56580352783203,64.36009979248047,64.55999755859375,25048
2026-02-12 16:43:00+00:00,64.61499786376953,64.6500015258789,64.30999755859375,64.44000244140625,34325
2026-02-12 16:44:00+00:00,64.37000274658203,64.63990020751953,64.3499984741211,64.55999755859375,19894
2026-02-12 16:45:00+00:00,64.4000015258789,64.51000213623047,64.3499984741211,64.3499984741211,32682
2026-02-12 16:46:00+00:00,64.33999633789062,64.5199966430664,64.2300033569336,64.42500305175781,40755
2026-02-12 16:47:00+00:00,64.41000366210938,64.55999755859375,64.2750015258789,64.29000091552734,21665
2026-02-12 16:48:00+00:00,64.375,64.5,64.34500122070312,64.37000274658203,21322
2026-02-12 16:49:00+00:00,64.49700164794922,64.5999984741211,64.33999633789062,64.36000061035156,16147
2026-02-12 16:50:00+00:00,64.43499755859375,64.56999969482422,64.34739685058594,64.51000213623047,24621
2026-02-12 16:51:00+00:00,64.38999938964844,64.5156021118164,64.30000305175781,64.43560028076172,20903
2026-02-12 16:52:00+00:00,64.3917007446289,64.47000122070312,64.26000213623047,64.37000274658203,19353
2026-02-12 16:53:00+00:00,64.25,64.47000122070312,64.22000122070312,64.37999725341797,13615
2026-02-12 16:54:00+00:00,64.44999694824219,64.47000122070312,64.26000213623047,64.26000213623047,44213
2026-02-12 16:55:00+00:00,64.44999694824219,64.56500244140625,64.3550033569336,64.45999908447266,25498
2026-02-12 16:56:00+00:00,64.33000183105469,64.4800033569336,64.33000183105469,64.4800033569336,18458
2026-02-12 16:57:00+00:00,64.33000183105469,64.4000015258789,64.30000305175781,64.30000305175781,23570
2026-02-12 16:58:00+00:00,64.30500030517578,64.36000061035156,64.1500015258789,64.31999969482422,35398
2026-02-12 16:59:00+00:00,64.37000274658203,64.4000015258789,64.19000244140625,64.33000183105469,19453
2026-02-12 17:00:00+00:00,64.08000183105469,64.32250213623047,64.08000183105469,64.32250213623047,43140
2026-02-12 17:01:00+00:00,64.21499633789062,64.25,64.0801010131836,64.12120056152344,13063
2026-02-12 17:02:00+00:00,64.59480285644531,64.6500015258789,64.25,64.25,30004
2026-02-12 17:03:00+00:00,64.66500091552734,64.75,64.52999877929688,64.62000274658203,47581
2026-02-12 17:04:00+00:00,64.76000213623047,64.77940368652344,64.625,64.69000244140625,24581
2026-02-12 17:05:00+00:00,64.5780029296875,64.80500030517578,64.5199966430664,64.76000213623047,27430
2026-02-12 17:06:00+00:00,64.93000030517578,64.93000030517578,64.51000213623047,64.57990264892578,32138
2026-02-12 17:07:00+00:00,65.05999755859375,65.06999969482422,64.80000305175781,64.92230224609375,36457
2026-02-12 17:08:00+00:00,64.8499984741211,65.08999633789062,64.81999969482422,65.05999755859375,39994
2026-02-12 17:09:00+00:00,65.097900390625,65.0999984741211,64.76000213623047,64.80999755859375,31696
2026-02-12 17:10:00+00:00,64.875,65.0999984741211,64.8499984741211,65.0271987915039,21991
2026-02-12 17:11:00+00:00,64.69999694824219,64.87999725341797,64.68000030517578,64.875,18027
2026-02-12 17:12:00+00:00,64.76000213623047,64.84989929199219,64.69000244140625,64.76000213623047,22948
2026-02-12 17:13:00+00:00,64.77799987792969,64.81999969482422,64.71690368652344,64.76000213623047,9427
2026-02-12 17:14:00+00:00,64.7249984741211,65.01000213623047,64.6500015258789,64.8499984741211,21453
2026-02-12 17:15:00+00:00,64.6449966430664,64.83999633789062,64.6449966430664,64.72949981689453,15265
2026-02-12 17:16:00+00:00,64.8499984741211,64.8499984741211,64.62999725341797,64.66000366210938,30970
2026-02-12 17:17:00+00:00,64.80000305175781,64.83999633789062,64.70999908447266,64.80999755859375,22086
2026-02-12 17:18:00+00:00,64.6500015258789,64.74500274658203,64.61000061035156,64.73999786376953,10980
2026-02-12 17:19:00+00:00,64.80000305175781,64.84269714355469,64.62000274658203,64.66999816894531,11722
2026-02-12 17:20:00+00:00,65.20500183105469,65.20500183105469,64.82499694824219,64.82499694824219,38688
2026-02-12 17:21:00+00:00,65.30999755859375,65.30999755859375,65.0999984741211,65.13999938964844,27975
2026-02-12 17:22:00+00:00,65.37000274658203,65.4000015258789,65.19999694824219,65.30500030517578,60246
2026-02-12 17:23:00+00:00,65.47000122070312,65.48999786376953,65.36000061035156,65.37000274658203,30026
2026-02-12 17:24:00+00:00,65.55000305175781,65.55690002441406,65.37000274658203,65.44000244140625,23280
2026-02-12 17:25:00+00:00,65.63999938964844,65.68000030517578,65.44999694824219,65.55970001220703,25861
2026-02-12 17:26:00+00:00,65.71749877929688,65.77999877929688,65.55000305175781,65.68000030517578,38068
2026-02-12 17:27:00+00:00,65.86000061035156,65.94999694824219,65.66500091552734,65.69000244140625,41249
2026-02-12 17:28:00+00:00,65.94000244140625,66.0,65.87000274658203,65.88999938964844,30674
2026-02-12 17:29:00+00:00,65.43250274658203,65.96060180664062,65.30999755859375,65.88999938964844,49522
2026-02-12 17:30:00+00:00,65.30999755859375,65.69419860839844,65.16999816894531,65.5,27758
2026-02-12 17:31:00+00:00,65.37000274658203,65.4800033569336,65.32240295410156,65.32240295410156,19482
2026-02-12 17:32:00+00:00,65.52030181884766,65.54499816894531,65.3301010131836,65.38500213623047,11880
2026-02-12 17:33:00+00:00,65.76499938964844,65.81990051269531,65.49500274658203,65.49500274658203,18530
2026-02-12 17:34:00+00:00,65.83000183105469,65.83000183105469,65.65039825439453,65.81999969482422,19869
2026-02-12 17:35:00+00:00,65.86000061035156,65.87999725341797,65.7699966430664,65.81999969482422,16122
2026-02-12 17:36:00+00:00,66.05000305175781,66.05000305175781,65.8499984741211,65.8499984741211,22238
2026-02-12 17:37:00+00:00,66.2249984741211,66.25,66.052001953125,66.052001953125,22445
2026-02-12 17:38:00+00:00,66.23999786376953,66.33000183105469,66.05999755859375,66.2249984741211,29688
2026-02-12 17:39:00+00:00,66.01000213623047,66.31999969482422,66.01000213623047,66.22000122070312,22708
2026-02-12 17:40:00+00:00,66.39939880371094,66.39939880371094,66.00240325927734,66.12999725341797,33354
2026-02-12 17:41:00+00:00,66.19000244140625,66.38520050048828,66.16000366210938,66.30999755859375,28514
2026-02-12 17:42:00+00:00,66.21499633789062,66.29000091552734,66.11000061035156,66.1500015258789,24894
2026-02-12 17:43:00+00:00,66.26000213623047,66.33999633789062,66.19999694824219,66.19999694824219,20686
2026-02-12 17:44:00+00:00,66.04000091552734,66.27999877929688,66.02010345458984,66.27999877929688,11735
2026-02-12 17:45:00+00:00,65.83000183105469,66.0999984741211,65.83000183105469,66.06999969482422,40981
2026-02-12 17:46:00+00:00,65.71019744873047,66.08999633789062,65.71019744873047,65.94000244140625,32215
2026-02-12 17:47:00+00:00,65.8499984741211,65.88990020751953,65.72000122070312,65.73999786376953,6776
2026-02-12 17:48:00+00:00,65.72000122070312,65.86000061035156,65.69000244140625,65.80999755859375,17745
2026-02-12 17:49:00+00:00,65.90670013427734,65.94999694824219,65.73500061035156,65.73500061035156,14297
2026-02-12 17:50:00+00:00,65.94999694824219,66.18000030517578,65.87000274658203,65.87000274658203,26074
2026-02-12 17:51:00+00:00,65.9999008178711,66.05000305175781,65.91999816894531,65.96630096435547,20317
2026-02-12 17:52:00+00:00,65.76000213623047,65.94000244140625,65.76000213623047,65.92130279541016,40614
2026-02-12 17:53:00+00:00,65.62999725341797,65.7699966430664,65.62999725341797,65.76000213623047,15666
2026-02-12 17:54:00+00:00,65.58499908447266,65.6500015258789,65.55000305175781,65.5999984741211,23457
2026-02-12 17:55:00+00:00,65.66999816894531,65.66999816894531,65.55950164794922,65.6050033569336,9247
2026-02-12 17:56:00+00:00,65.53500366210938,65.58999633789062,65.4800033569336,65.57009887695312,11232
2026-02-12 17:57:00+00:00,65.44999694824219,65.55039978027344,65.41000366210938,65.48999786376953,18443
2026-02-12 17:58:00+00:00,65.33000183105469,65.5,65.30000305175781,65.41999816894531,25157
2026-02-12 17:59:00+00:00,65.31999969482422,65.4000015258789,65.25,65.31999969482422,16656
2026-02-12 18:00:00+00:00,65.16000366210938,65.33000183105469,65.08000183105469,65.24500274658203,26941
2026-02-12 18:01:00+00:00,65.4000015258789,65.41999816894531,65.11009979248047,65.18000030517578,16160
2026-02-12 18:02:00+00:00,65.36499786376953,65.48989868164062,65.29000091552734,65.42379760742188,28510
2026-02-12 18:03:00+00:00,65.189697265625,65.36000061035156,65.1405029296875,65.30000305175781,16014
2026-02-12 18:04:00+00:00,65.38770294189453,65.4000015258789,65.12999725341797,65.19999694824219,10002
2026-02-12 18:05:00+00:00,65.32499694824219,65.48989868164062,65.26000213623047,65.43000030517578,15821
2026-02-12 18:06:00+00:00,65.5,65.5,65.36000061035156,65.36000061035156,4714
2026-02-12 18:07:00+00:00,65.62000274658203,65.86000061035156,65.51000213623047,65.51000213623047,25200
2026-02-12 18:08:00+00:00,65.44000244140625,65.69000244140625,65.41999816894531,65.69000244140625,9765
2026-02-12 18:09:00+00:00,65.36000061035156,65.48999786376953,65.34729766845703,65.44000244140625,17159
2026-02-12 18:10:00+00:00,65.33000183105469,65.41000366210938,65.19999694824219,65.38999938964844,33736
2026-02-12 18:11:00+00:00,65.38990020751953,65.38990020751953,65.26000213623047,65.27999877929688,6849
2026-02-12 18:12:00+00:00,65.42500305175781,65.48629760742188,65.30000305175781,65.41000366210938,7415
2026-02-12 18:13:00+00:00,65.3949966430664,65.48989868164062,65.3949966430664,65.4740982055664,10200
2026-02-12 18:14:00+00:00,65.46050262451172,65.5,65.3499984741211,65.3949966430664,10821
2026-02-12 18:15:00+00:00,65.46620178222656,65.5,65.4000015258789,65.45010375976562,11865
2026-02-12 18:16:00+00:00,65.31999969482422,65.43499755859375,65.26020050048828,65.43499755859375,12574
2026-02-12 18:17:00+00:00,65.22949981689453,65.3499984741211,65.19000244140625,65.32499694824219,14027
2026-02-12 18:18:00+00:00,65.15499877929688,65.20269775390625,65.12999725341797,65.13500213623047,13018
2026-02-12 18:19:00+00:00,65.18000030517578,65.25,65.1353988647461,65.1353988647461,8467
2026-02-12 18:20:00+00:00,65.32499694824219,65.37999725341797,65.19999694824219,65.2300033569336,8539
2026-02-12 18:21:00+00:00,65.27999877929688,65.27999877929688,65.19000244140625,65.23999786376953,15003
2026-02-12 18:22:00+00:00,65.42500305175781,65.5,65.24500274658203,65.24500274658203,12448
2026-02-12 18:23:00+00:00,65.30269622802734,65.4800033569336,65.30269622802734,65.4800033569336,26587
2026-02-12 18:24:00+00:00,65.3949966430664,65.5999984741211,65.30999755859375,65.32499694824219,47128
2026-02-12 18:25:00+00:00,65.375,65.41999816894531,65.20999908447266,65.41000366210938,20733
2026-02-12 18:26:00+00:00,65.48999786376953,65.49500274658203,65.375,65.375,11606
2026-02-12 18:27:00+00:00,65.34230041503906,65.4749984741211,65.28150177001953,65.46499633789062,17339
2026-02-12 18:28:00+00:00,64.93000030517578,65.45999908447266,64.86499786376953,65.41000366210938,46665
2026-02-12 18:29:00+00:00,65.1050033569336,65.18000030517578,64.86180114746094,64.92500305175781,25370
2026-02-12 18:30:00+00:00,64.88999938964844,65.0999984741211,64.84100341796875,65.02999877929688,10557
2026-02-12 18:31:00+00:00,64.87999725341797,64.98999786376953,64.87999725341797,64.9000015258789,11866
2026-02-12 18:32:00+00:00,64.91000366210938,64.97000122070312,64.81999969482422,64.95999908447266,28982
2026-02-12 18:33:00+00:00,65.05000305175781,65.12000274658203,64.93000030517578,64.94999694824219,16719
2026-02-12 18:34:00+00:00,65.02999877929688,65.0999984741211,65.01000213623047,65.08000183105469,11882
2026-02-12 18:35:00+00:00,65.16999816894531,65.19000244140625,64.96499633789062,65.0199966430664,7267
2026-02-12 18:36:00+00:00,65.19879913330078,65.25,65.13999938964844,65.16999816894531,15679
2026-02-12 18:37:00+00:00,65.5,65.51000213623047,65.16999816894531,65.16999816894531,37235
2026-02-12 18:38:00+00:00,65.62999725341797,65.73470306396484,65.5199966430664,65.5199966430664,40125
2026-02-12 18:39:00+00:00,65.62000274658203,65.62000274658203,65.55000305175781,65.61499786376953,10421
2026-02-12 18:40:00+00:00,65.51000213623047,65.62000274658203,65.45390319824219,65.57099914550781,12335
2026-02-12 18:41:00+00:00,65.52999877929688,65.56999969482422,65.4800033569336,65.50499725341797,7853
2026-02-12 18:42:00+00:00,65.66000366210938,65.69979858398438,65.4800033569336,65.56999969482422,16498
2026-02-12 18:43:00+00:00,65.54000091552734,65.72000122070312,65.49009704589844,65.69200134277344,10233
2026-02-12 18:44:00+00:00,65.69840240478516,65.70999908447266,65.51000213623047,65.51000213623047,13326
2026-02-12 18:45:00+00:00,65.62999725341797,65.69000244140625,65.60250091552734,65.69000244140625,13342
2026-02-12 18:46:00+00:00,65.55000305175781,65.65979766845703,65.45169830322266,65.6050033569336,37113
2026-02-12 18:47:00+00:00,65.55000305175781,65.62999725341797,65.51000213623047,65.53119659423828,7412
2026-02-12 18:48:00+00:00,65.55000305175781,65.625,65.5199966430664,65.5199966430664,15506
2026-02-12 18:49:00+00:00,65.47000122070312,65.58419799804688,65.41190338134766,65.55999755859375,12394
2026-02-12 18:50:00+00:00,65.44000244140625,65.47000122070312,65.37220001220703,65.44999694824219,10102
2026-02-12 18:51:00+00:00,65.68000030517578,65.68000030517578,65.41999816894531,65.44730377197266,18824
2026-02-12 18:52:00+00:00,65.72000122070312,65.72000122070312,65.6500015258789,65.69000244140625,25559
2026-02-12 18:53:00+00:00,65.75,65.81999969482422,65.69999694824219,65.72000122070312,17949
2026-02-12 18:54:00+00:00,65.74150085449219,65.80000305175781,65.73500061035156,65.76499938964844,10610
2026-02-12 18:55:00+00:00,65.76000213623047,65.79000091552734,65.72000122070312,65.75,19029
2026-02-12 18:56:00+00:00,65.47000122070312,65.77999877929688,65.4000015258789,65.77999877929688,39811
2026-02-12 18:57:00+00:00,65.44000244140625,65.52999877929688,65.39029693603516,65.4800033569336,9746
2026-02-12 18:58:00+00:00,65.19080352783203,65.5,65.06009674072266,65.44000244140625,61957
2026-02-12 18:59:00+00:00,65.37999725341797,65.43000030517578,65.23999786376953,65.23999786376953,34179
2026-02-12 19:00:00+00:00,65.47000122070312,65.5,65.3499984741211,65.375,9091
2026-02-12 19:01:00+00:00,65.42500305175781,65.5,65.37999725341797,65.47000122070312,16611
2026-02-12 19:02:00+00:00,65.54000091552734,65.58999633789062,65.50039672851562,65.51000213623047,13429
2026-02-12 19:03:00+00:00,65.58499908447266,65.62000274658203,65.5,65.50800323486328,12432
2026-02-12 19:04:00+00:00,65.30780029296875,65.58499908447266,65.30780029296875,65.56999969482422,15496
2026-02-12 19:05:00+00:00,65.62000274658203,65.62000274658203,65.36499786376953,65.4000015258789,16341
2026-02-12 19:06:00+00:00,65.55999755859375,65.61000061035156,65.54000091552734,65.58000183105469,9124
2026-02-12 19:07:00+00:00,65.44000244140625,65.55999755859375,65.40019989013672,65.55999755859375,9403
2026-02-12 19:08:00+00:00,65.50499725341797,65.51000213623047,65.45010375976562,65.4800033569336,9947
2026-02-12 19:09:00+00:00,65.46019744873047,65.56999969482422,65.45999908447266,65.51000213623047,31131
2026-02-12 19:10:00+00:00,65.44499969482422,65.48999786376953,65.41999816894531,65.48500061035156,8615
2026-02-12 19:11:00+00:00,65.23999786376953,65.4800033569336,65.13999938964844,65.4800033569336,17983
2026-02-12 19:12:00+00:00,65.16000366210938,65.23999786376953,65.15070343017578,65.2300033569336,11004
2026-02-12 19:13:00+00:00,65.29499816894531,65.29499816894531,65.1500015258789,65.15859985351562,10953
2026-02-12 19:14:00+00:00,65.28500366210938,65.44999694824219,65.19999694824219,65.31500244140625,46843
2026-02-12 19:15:00+00:00,65.25769805908203,65.29499816894531,65.24009704589844,65.28500366210938,4779
2026-02-12 19:16:00+00:00,65.30000305175781,65.32990264892578,65.1500015258789,65.26000213623047,14481
2026-02-12 19:17:00+00:00,65.41000366210938,65.44999694824219,65.30000305175781,65.33000183105469,9406
2026-02-12 19:18:00+00:00,65.55500030517578,65.61000061035156,65.44999694824219,65.44999694824219,30696
2026-02-12 19:19:00+00:00,65.38999938964844,65.53500366210938,65.36000061035156,65.51000213623047,12674
2026-02-12 19:20:00+00:00,65.32499694824219,65.41500091552734,65.30000305175781,65.41500091552734,4116
2026-02-12 19:21:00+00:00,65.30999755859375,65.38999938964844,65.26000213623047,65.38999938964844,21252
2026-02-12 19:22:00+00:00,65.20999908447266,65.30999755859375,65.16000366210938,65.30999755859375,9475
2026-02-12 19:23:00+00:00,65.16999816894531,65.29000091552734,65.08999633789062,65.26000213623047,32119
2026-02-12 19:24:00+00:00,65.125,65.23999786376953,65.08000183105469,65.19999694824219,9735
2026-02-12 19:25:00+00:00,65.13999938964844,65.21499633789062,65.08000183105469,65.0999984741211,14264
2026-02-12 19:26:00+00:00,64.91000366210938,65.0999984741211,64.83000183105469,65.0999984741211,68175
2026-02-12 19:27:00+00:00,64.93499755859375,64.98999786376953,64.9000015258789,64.93060302734375,15863
2026-02-12 19:28:00+00:00,64.90499877929688,64.98999786376953,64.86900329589844,64.94000244140625,9281
2026-02-12 19:29:00+00:00,64.70999908447266,64.93990325927734,64.66999816894531,64.87000274658203,29529
2026-02-12 19:30:00+00:00,64.69999694824219,64.79000091552734,64.61009979248047,64.68000030517578,20558
2026-02-12 19:31:00+00:00,64.7499008178711,64.84400177001953,64.69000244140625,64.74500274658203,17026
2026-02-12 19:32:00+00:00,64.91500091552734,65.03959655761719,64.75,64.77110290527344,52354
2026-02-12 19:33:00+00:00,64.87999725341797,64.94999694824219,64.87999725341797,64.91500091552734,8075
2026-02-12 19:34:00+00:00,64.85440063476562,64.94000244140625,64.83000183105469,64.8499984741211,12080
2026-02-12 19:35:00+00:00,65.11000061035156,65.13999938964844,64.75199890136719,64.83000183105469,20228
2026-02-12 19:36:00+00:00,65.06500244140625,65.13999938964844,65.02010345458984,65.06999969482422,17151
2026-02-12 19:37:00+00:00,65.04000091552734,65.13999938964844,64.99500274658203,65.06500244140625,42154
2026-02-12 19:38:00+00:00,65.29000091552734,65.38700103759766,65.05000305175781,65.05999755859375,29091
2026-02-12 19:39:00+00:00,65.38999938964844,65.42500305175781,65.26000213623047,65.31999969482422,7296
2026-02-12 19:40:00+00:00,65.36499786376953,65.46990203857422,65.3499984741211,65.4000015258789,13641
2026-02-12 19:41:00+00:00,65.38500213623047,65.41500091552734,65.34010314941406,65.40989685058594,16488
2026-02-12 19:42:00+00:00,65.5999984741211,65.5999984741211,65.38999938964844,65.4000015258789,12555
2026-02-12 19:43:00+00:00,65.51899719238281,65.66999816894531,65.47000122070312,65.66500091552734,43785
2026-02-12 19:44:00+00:00,65.62979888916016,65.68000030517578,65.47599792480469,65.51170349121094,16214
2026-02-12 19:45:00+00:00,65.83000183105469,65.83000183105469,65.66000366210938,65.66000366210938,14126
2026-02-12 19:46:00+00:00,65.80000305175781,65.83999633789062,65.58689880371094,65.79000091552734,24696
2026-02-12 19:47:00+00:00,65.7699966430664,65.80999755859375,65.74009704589844,65.7699966430664,8806
2026-02-12 19:48:00+00:00,65.81500244140625,65.8499984741211,65.70999908447266,65.76950073242188,20078
2026-02-12 19:49:00+00:00,65.97000122070312,66.0,65.80000305175781,65.80500030517578,21451
2026-02-12 19:50:00+00:00,66.11730194091797,66.16000366210938,65.9800033569336,65.9800033569336,71382
2026-02-12 19:51:00+00:00,66.04000091552734,66.12000274658203,65.93000030517578,66.12000274658203,36043
2026-02-12 19:52:00+00:00,66.2750015258789,66.3499984741211,66.05000305175781,66.05000305175781,29378
2026-02-12 19:53:00+00:00,66.11499786376953,66.2300033569336,66.11499786376953,66.19499969482422,15059
2026-02-12 19:54:00+00:00,66.04000091552734,66.19000244140625,66.0199966430664,66.11000061035156,12370
2026-02-12 19:55:00+00:00,66.09140014648438,66.09140014648438,65.98999786376953,66.01470184326172,18996
2026-02-12 19:56:00+00:00,66.04499816894531,66.11000061035156,66.01010131835938,66.04000091552734,10606
2026-02-12 19:57:00+00:00,66.18009948730469,66.3499984741211,66.04499816894531,66.05999755859375,17886
2026-02-12 19:58:00+00:00,65.97000122070312,66.20999908447266,65.58000183105469,66.18730163574219,88000
2026-02-12 19:59:00+00:00,65.73999786376953,65.97000122070312,65.71189880371094,65.97000122070312,23794
2026-02-12 20:00:00+00:00,65.91000366210938,65.93000030517578,65.73999786376953,65.73999786376953,16218
2026-02-12 20:01:00+00:00,65.9000015258789,65.98999786376953,65.8656005859375,65.94999694824219,10110
2026-02-12 20:02:00+00:00,65.7300033569336,65.8550033569336,65.68499755859375,65.83000183105469,20013
2026-02-12 20:03:00+00:00,65.69999694824219,65.80000305175781,65.68820190429688,65.70890045166016,12851
2026-02-12 20:04:00+00:00,65.80000305175781,65.80000305175781,65.69000244140625,65.69000244140625,12716
2026-02-12 20:05:00+00:00,65.87999725341797,65.87999725341797,65.79000091552734,65.79000091552734,14534
2026-02-12 20:06:00+00:00,65.8499984741211,65.91000366210938,65.80500030517578,65.86000061035156,17493
2026-02-12 20:07:00+00:00,65.7300033569336,65.91999816894531,65.7300033569336,65.86000061035156,15558
2026-02-12 20:08:00+00:00,65.6500015258789,65.75,65.61000061035156,65.75,13349
2026-02-12 20:09:00+00:00,65.62000274658203,65.68499755859375,65.5999984741211,65.62000274658203,13521
2026-02-12 20:10:00+00:00,65.41000366210938,65.5999984741211,65.4000015258789,65.5999984741211,53984
2026-02-12 20:11:00+00:00,65.37000274658203,65.43499755859375,65.34269714355469,65.41500091552734,20491
2026-02-12 20:12:00+00:00,65.41999816894531,65.4896011352539,65.38500213623047,65.38500213623047,12196
2026-02-12 20:13:00+00:00,65.54000091552734,65.54000091552734,65.44999694824219,65.44999694824219,9251
2026-02-12 20:14:00+00:00,65.63500213623047,65.63500213623047,65.49500274658203,65.54000091552734,9231
2026-02-12 20:15:00+00:00,65.51000213623047,65.66000366210938,65.5,65.63999938964844,11853
2026-02-12 20:16:00+00:00,65.55000305175781,65.56999969482422,65.48200225830078,65.52899932861328,11523
2026-02-12 20:17:00+00:00,65.5,65.6144027709961,65.5,65.54000091552734,6461
2026-02-12 20:18:00+00:00,65.56500244140625,65.5999984741211,65.51000213623047,65.51000213623047,10440
2026-02-12 20:19:00+00:00,65.69940185546875,65.73999786376953,65.54000091552734,65.56999969482422,21759
2026-02-12 20:20:00+00:00,65.5999984741211,65.68499755859375,65.57019805908203,65.66000366210938,10949
2026-02-12 20:21:00+00:00,65.62000274658203,65.66999816894531,65.59500122070312,65.59500122070312,14887
2026-02-12 20:22:00+00:00,65.62000274658203,65.66999816894531,65.5801010131836,65.6500015258789,19565
2026-02-12 20:23:00+00:00,65.52999877929688,65.63999938964844,65.52999877929688,65.606201171875,12128
2026-02-12 20:24:00+00:00,65.57890319824219,65.63179779052734,65.52999877929688,65.55000305175781,9895
2026-02-12 20:25:00+00:00,65.55999755859375,65.5999984741211,65.5,65.59500122070312,16538
2026-02-12 20:26:00+00:00,65.66999816894531,65.66999816894531,65.56990051269531,65.56990051269531,6962
2026-02-12 20:27:00+00:00,65.7238998413086,65.7300033569336,65.66000366210938,65.67500305175781,20464
2026-02-12 20:28:00+00:00,65.68000030517578,65.75,65.65010070800781,65.72000122070312,21832
2026-02-12 20:29:00+00:00,65.54499816894531,65.69000244140625,65.47000122070312,65.69000244140625,13313
2026-02-12 20:30:00+00:00,65.45999908447266,65.58999633789062,65.45999908447266,65.51000213623047,14601
2026-02-12 20:31:00+00:00,65.27999877929688,65.45999908447266,65.26000213623047,65.44000244140625,29829
2026-02-12 20:32:00+00:00,65.22000122070312,65.27999877929688,65.18000030517578,65.25,43152
2026-02-12 20:33:00+00:00,65.33000183105469,65.3499984741211,65.22000122070312,65.23999786376953,216495
2026-02-12 20:34:00+00:00,65.40350341796875,65.4563980102539,65.30000305175781,65.36000061035156,16223
2026-02-12 20:35:00+00:00,65.4800033569336,65.49849700927734,65.37999725341797,65.41000366210938,20037
2026-02-12 20:36:00+00:00,65.55000305175781,65.63500213623047,65.48090362548828,65.48090362548828,12814
2026-02-12 20:37:00+00:00,65.62000274658203,65.69000244140625,65.52999877929688,65.52999877929688,19269
2026-02-12 20:38:00+00:00,65.63710021972656,65.66000366210938,65.56999969482422,65.62999725341797,10889
2026-02-12 20:39:00+00:00,65.59010314941406,65.66000366210938,65.58999633789062,65.63379669189453,10967
2026-02-12 20:40:00+00:00,65.80999755859375,65.81999969482422,65.58000183105469,65.58000183105469,24765
2026-02-12 20:41:00+00:00,65.80889892578125,65.87999725341797,65.80000305175781,65.80000305175781,25848
2026-02-12 20:42:00+00:00,65.7750015258789,65.83000183105469,65.74459838867188,65.83000183105469,27208
2026-02-12 20:43:00+00:00,65.76000213623047,65.81999969482422,65.7300033569336,65.7699966430664,29481
2026-02-12 20:44:00+00:00,65.86000061035156,65.89990234375,65.7249984741211,65.7249984741211,28839
2026-02-12 20:45:00+00:00,65.80999755859375,65.88500213623047,65.79000091552734,65.87999725341797,34520
2026-02-12 20:46:00+00:00,65.68000030517578,65.80000305175781,65.6500015258789,65.79000091552734,22527
2026-02-12 20:47:00+00:00,65.73500061035156,65.74369812011719,65.61499786376953,65.66000366210938,29151
2026-02-12 20:48:00+00:00,65.79499816894531,65.87999725341797,65.72000122070312,65.72200012207031,36607
2026-02-12 20:49:00+00:00,65.81999969482422,65.87000274658203,65.80000305175781,65.80999755859375,19836
2026-02-12 20:50:00+00:00,65.83999633789062,65.95960235595703,65.70999908447266,65.80000305175781,35103
2026-02-12 20:51:00+00:00,65.6500015258789,65.8499984741211,65.6500015258789,65.81999969482422,37578
2026-02-12 20:52:00+00:00,65.66000366210938,65.69000244140625,65.55000305175781,65.69000244140625,39676
2026-02-12 20:53:00+00:00,65.81999969482422,65.9800033569336,65.66999816894531,65.66999816894531,58955
2026-02-12 20:54:00+00:00,66.0199966430664,66.04000091552734,65.80000305175781,65.80000305175781,86990
2026-02-12 20:55:00+00:00,65.88999938964844,66.02999877929688,65.86000061035156,66.0,75302
2026-02-12 20:56:00+00:00,65.7750015258789,65.91999816894531,65.75,65.88999938964844,77177
2026-02-12 20:57:00+00:00,65.9000015258789,65.91999816894531,65.77999877929688,65.79000091552734,71605
2026-02-12 20:58:00+00:00,65.9800033569336,66.05999755859375,65.91000366210938,65.91000366210938,145479
2026-02-12 20:59:00+00:00,66.04000091552734,66.05999755859375,65.9800033569336,66.0,228672
2026-02-13 14:30:00+00:00,66.26000213623047,66.69499969482422,66.01000213623047,66.69499969482422,469241
2026-02-13 14:31:00+00:00,66.95999908447266,67.08999633789062,66.17500305175781,66.30000305175781,77423
2026-02-13 14:32:00+00:00,66.59500122070312,66.80000305175781,66.1500015258789,66.77999877929688,73296
2026-02-13 14:33:00+00:00,66.48999786376953,66.8499984741211,66.31999969482422,66.58499908447266,29363
2026-02-13 14:34:00+00:00,66.30000305175781,66.89769744873047,66.19999694824219,66.4800033569336,26531
2026-02-13 14:35:00+00:00,67.5199966430664,67.66999816894531,65.9800033569336,66.16000366210938,96401
2026-02-13 14:36:00+00:00,66.94000244140625,67.6698989868164,66.83000183105469,67.5199966430664,59965
2026-02-13 14:37:00+00:00,66.61009979248047,67.13999938964844,66.58000183105469,67.03990173339844,43791
2026-02-13 14:38:00+00:00,66.93499755859375,67.22000122070312,66.6500015258789,66.7699966430664,40292
2026-02-13 14:39:00+00:00,66.25,66.90499877929688,66.25,66.9000015258789,41663
2026-02-13 14:40:00+00:00,65.61000061035156,66.30000305175781,65.5999984741211,66.30000305175781,72822
2026-02-13 14:41:00+00:00,65.62999725341797,65.79000091552734,65.51000213623047,65.55999755859375,38416
2026-02-13 14:42:00+00:00,65.875,65.9000015258789,65.58999633789062,65.70500183105469,43929
2026-02-13 14:43:00+00:00,66.63999938964844,66.77999877929688,65.831298828125,65.875,86930
2026-02-13 14:44:00+00:00,66.81999969482422,66.94930267333984,66.3499984741211,66.61000061035156,73454
2026-02-13 14:45:00+00:00,67.81999969482422,67.8499984741211,66.74009704589844,66.83000183105469,99852
2026-02-13 14:46:00+00:00,67.83000183105469,67.98999786376953,67.5999984741211,67.82499694824219,69173
2026-02-13 14:47:00+00:00,67.72000122070312,67.9000015258789,67.5,67.7300033569336,96950
2026-02-13 14:48:00+00:00,67.81999969482422,68.04000091552734,67.74500274658203,67.74500274658203,83709
2026-02-13 14:49:00+00:00,67.44000244140625,68.0,67.41999816894531,67.87000274658203,62886
2026-02-13 14:50:00+00:00,67.08000183105469,67.5,66.98999786376953,67.45500183105469,173627
2026-02-13 14:51:00+00:00,66.90499877929688,67.11000061035156,66.66999816894531,67.05999755859375,75738
2026-02-13 14:52:00+00:00,66.6500015258789,66.85009765625,66.52999877929688,66.85009765625,28398
2026-02-13 14:53:00+00:00,66.66999816894531,67.06099700927734,66.5,66.63999938964844,52382
2026-02-13 14:54:00+00:00,66.74559783935547,67.03410339355469,66.61499786376953,66.61499786376953,49209
2026-02-13 14:55:00+00:00,67.36499786376953,67.4000015258789,66.7699966430664,66.80509948730469,46354
2026-02-13 14:56:00+00:00,66.5425033569336,67.47989654541016,66.54000091552734,67.3550033569336,59452
2026-02-13 14:57:00+00:00,66.71499633789062,66.76000213623047,66.51000213623047,66.51000213623047,32986
2026-02-13 14:58:00+00:00,66.84500122070312,66.98999786376953,66.66000366210938,66.66000366210938,27071
2026-02-13 14:59:00+00:00,66.82499694824219,67.0,66.76499938964844,66.88999938964844,22164
2026-02-13 15:00:00+00:00,67.33000183105469,67.3988037109375,66.6500015258789,66.7300033569336,40644
2026-02-13 15:01:00+00:00,67.56999969482422,67.61019897460938,67.15499877929688,67.17009735107422,58134
2026-02-13 15:02:00+00:00,67.91999816894531,67.94000244140625,67.55999755859375,67.60579681396484,33489
2026-02-13 15:03:00+00:00,67.58219909667969,67.94999694824219,67.44000244140625,67.88999938964844,33856
2026-02-13 15:04:00+00:00,67.83000183105469,67.94999694824219,67.49510192871094,67.49510192871094,35396
2026-02-13 15:05:00+00:00,67.27040100097656,67.8949966430664,67.19999694824219,67.8949966430664,43439
2026-02-13 15:06:00+00:00,67.56500244140625,67.5999984741211,67.27960205078125,67.30999755859375,27153
2026-02-13 15:07:00+00:00,67.53990173339844,67.62999725341797,67.31999969482422,67.55999755859375,22494
2026-02-13 15:08:00+00:00,68.12000274658203,68.13999938964844,67.43000030517578,67.43000030517578,50988
2026-02-13 15:09:00+00:00,68.0,68.19000244140625,67.83999633789062,68.15660095214844,42620
2026-02-13 15:10:00+00:00,67.90499877929688,68.0199966430664,67.62000274658203,67.96499633789062,27746
2026-02-13 15:11:00+00:00,67.96299743652344,67.97000122070312,67.75879669189453,67.91000366210938,19783
2026-02-13 15:12:00+00:00,67.55999755859375,67.9800033569336,67.55999755859375,67.93000030517578,38974
2026-02-13 15:13:00+00:00,68.11000061035156,68.11000061035156,67.5801010131836,67.62999725341797,40853
2026-02-13 15:14:00+00:00,67.78910064697266,68.17990112304688,67.7300033569336,68.11499786376953,42466
2026-02-13 15:15:00+00:00,68.08159637451172,68.25,67.83000183105469,67.83000183105469,31403
2026-02-13 15:16:00+00:00,67.88999938964844,68.2300033569336,67.88999938964844,68.08999633789062,42607
2026-02-13 15:17:00+00:00,68.33000183105469,68.33000183105469,67.91000366210938,67.94499969482422,44830
2026-02-13 15:18:00+00:00,68.00749969482422,68.322998046875,67.87999725341797,68.322998046875,33147
2026-02-13 15:19:00+00:00,68.08000183105469,68.1500015258789,67.9000015258789,68.0,21058
2026-02-13 15:20:00+00:00,68.53510284423828,68.61000061035156,67.95999908447266,68.05000305175781,62976
2026-02-13 15:21:00+00:00,68.30999755859375,68.52999877929688,68.12999725341797,68.44999694824219,56476
2026-02-13 15:22:00+00:00,68.41999816894531,68.55999755859375,68.37000274658203,68.37000274658203,23347
2026-02-13 15:23:00+00:00,68.73999786376953,68.79000091552734,68.4000015258789,68.5,50008
2026-02-13 15:24:00+00:00,68.83499908447266,68.87999725341797,68.68000030517578,68.75,46474
2026-02-13 15:25:00+00:00,68.80999755859375,69.0,68.75,68.8499984741211,111713
2026-02-13 15:26:00+00:00,69.10299682617188,69.11000061035156,68.75,68.77999877929688,125597
2026-02-13 15:27:00+00:00,68.87999725341797,69.11000061035156,68.7300033569336,69.08999633789062,47980
2026-02-13 15:28:00+00:00,68.86000061035156,69.09989929199219,68.75,68.83000183105469,73089
2026-02-13 15:29:00+00:00,68.81999969482422,69.05000305175781,68.81500244140625,68.95999908447266,27159
2026-02-13 15:30:00+00:00,69.2750015258789,69.27999877929688,68.7300033569336,68.80000305175781,47194
2026-02-13 15:31:00+00:00,69.1500015258789,69.30000305175781,69.08999633789062,69.2699966430664,35619
2026-02-13 15:32:00+00:00,69.36599731445312,69.4000015258789,69.11000061035156,69.13500213623047,45343
2026-02-13 15:33:00+00:00,69.44000244140625,69.48999786376953,69.2699966430664,69.2699966430664,53931
2026-02-13 15:34:00+00:00,69.25499725341797,69.45999908447266,69.22000122070312,69.41999816894531,33380
2026-02-13 15:35:00+00:00,69.56999969482422,69.5999984741211,69.26219940185547,69.26219940185547,50014
2026-02-13 15:36:00+00:00,69.52999877929688,69.57990264892578,69.3938980102539,69.5199966430664,31717
2026-02-13 15:37:00+00:00,69.33999633789062,69.55000305175781,69.3395004272461,69.55000305175781,21732
2026-02-13 15:38:00+00:00,68.77950286865234,69.33000183105469,68.77950286865234,69.30000305175781,84291
2026-02-13 15:39:00+00:00,68.7771987915039,68.95999908447266,68.69000244140625,68.75,70544
2026-02-13 15:40:00+00:00,68.75499725341797,68.9000015258789,68.66010284423828,68.83999633789062,26632
2026-02-13 15:41:00+00:00,68.93000030517578,68.94999694824219,68.66000366210938,68.75,17589
2026-02-13 15:42:00+00:00,68.38999938964844,68.94999694824219,68.35009765625,68.91500091552734,34277
2026-02-13 15:43:00+00:00,68.58000183105469,68.70339965820312,68.375,68.4198989868164,23981
2026-02-13 15:44:00+00:00,68.53500366210938,68.75,68.4800033569336,68.62950134277344,26325
2026-02-13 15:45:00+00:00,68.54499816894531,68.62999725341797,68.44010162353516,68.56999969482422,25467
2026-02-13 15:46:00+00:00,68.25,68.65499877929688,68.1500015258789,68.55000305175781,37349
2026-02-13 15:47:00+00:00,68.19419860839844,68.41929626464844,68.16000366210938,68.20999908447266,23836
2026-02-13 15:48:00+00:00,68.10440063476562,68.27999877929688,68.08999633789062,68.2300033569336,39673
2026-02-13 15:49:00+00:00,67.86000061035156,68.08000183105469,67.81999969482422,68.05000305175781,39747
2026-02-13 15:50:00+00:00,67.94000244140625,68.05000305175781,67.83999633789062,67.9000015258789,53466
2026-02-13 15:51:00+00:00,68.33000183105469,68.33000183105469,67.90010070800781,67.90010070800781,36850
2026-02-13 15:52:00+00:00,67.9800033569336,68.31999969482422,67.97000122070312,68.30500030517578,34009
2026-02-13 15:53:00+00:00,68.12999725341797,68.2406005859375,67.98500061035156,67.98500061035156,13138
2026-02-13 15:54:00+00:00,68.33999633789062,68.41000366210938,68.12000274658203,68.12000274658203,24391
2026-02-13 15:55:00+00:00,68.5999984741211,68.61000061035156,68.3499984741211,68.3499984741211,24078
2026-02-13 15:56:00+00:00,68.2291030883789,68.61499786376953,68.19000244140625,68.61499786376953,30752
2026-02-13 15:57:00+00:00,68.52999877929688,68.58000183105469,68.4000015258789,68.4000015258789,19275
2026-02-13 15:58:00+00:00,68.58580017089844,68.68000030517578,68.51000213623047,68.56999969482422,29987
2026-02-13 15:59:00+00:00,68.55500030517578,68.62999725341797,68.38999938964844,68.55999755859375,19562
2026-02-13 16:00:00+00:00,68.62999725341797,68.69999694824219,68.5,68.58999633789062,28423
2026-02-13 16:01:00+00:00,68.69999694824219,68.70999908447266,68.44999694824219,68.68000030517578,29049
2026-02-13 16:02:00+00:00,68.4000015258789,68.73670196533203,68.36009979248047,68.68499755859375,20665
2026-02-13 16:03:00+00:00,68.63999938964844,68.66000366210938,68.37999725341797,68.43000030517578,20795
2026-02-13 16:04:00+00:00,68.47000122070312,68.67990112304688,68.38999938964844,68.66000366210938,12519
2026-02-13 16:05:00+00:00,68.69999694824219,68.69999694824219,68.5,68.56990051269531,22011
2026-02-13 16:06:00+00:00,68.6500015258789,68.71759796142578,68.57080078125,68.66529846191406,21536
2026-02-13 16:07:00+00:00,68.26000213623047,68.65499877929688,68.20999908447266,68.64029693603516,20828
2026-02-13 16:08:00+00:00,68.35070037841797,68.41999816894531,68.27770233154297,68.33899688720703,13421
2026-02-13 16:09:00+00:00,68.2699966430664,68.41100311279297,68.19000244140625,68.33499908447266,21705
2026-02-13 16:10:00+00:00,68.11000061035156,68.30000305175781,68.06999969482422,68.2699966430664,34212
2026-02-13 16:11:00+00:00,68.12999725341797,68.1615982055664,68.05000305175781,68.05999755859375,15625
2026-02-13 16:12:00+00:00,67.94999694824219,68.2249984741211,67.91000366210938,68.18000030517578,18184
2026-02-13 16:13:00+00:00,68.13999938964844,68.17990112304688,67.93000030517578,67.97000122070312,13522
2026-02-13 16:14:00+00:00,68.25,68.26000213623047,68.1500015258789,68.17030334472656,14559
2026-02-13 16:15:00+00:00,68.11000061035156,68.24500274658203,68.11000061035156,68.24500274658203,11273
2026-02-13 16:16:00+00:00,68.19000244140625,68.33000183105469,68.08999633789062,68.125,17864
2026-02-13 16:17:00+00:00,68.46050262451172,68.46050262451172,68.2249984741211,68.2249984741211,40621
2026-02-13 16:18:00+00:00,68.26499938964844,68.31999969482422,68.19000244140625,68.25,12175
2026-02-13 16:19:00+00:00,68.11000061035156,68.26499938964844,68.11000061035156,68.260498046875,21211
2026-02-13 16:20:00+00:00,67.94999694824219,68.18000030517578,67.91000366210938,68.05999755859375,36501
2026-02-13 16:21:00+00:00,67.97000122070312,67.9999008178711,67.86239624023438,67.91999816894531,13817
2026-02-13 16:22:00+00:00,67.95999908447266,68.0188980102539,67.90959930419922,67.9800033569336,7408
2026-02-13 16:23:00+00:00,67.7300033569336,67.9917984008789,67.72000122070312,67.93499755859375,2059794
2026-02-13 16:24:00+00:00,68.0250015258789,68.0250015258789,67.75,67.75,0
2026-02-13 16:25:00+00:00,67.91999816894531,68.0199966430664,67.8729019165039,68.0199966430664,12107
2026-02-13 16:26:00+00:00,68.08000183105469,68.08000183105469,67.8499984741211,67.93499755859375,16816
2026-02-13 16:27:00+00:00,68.23999786376953,68.28579711914062,68.0000991821289,68.05999755859375,12525
2026-02-13 16:28:00+00:00,68.18000030517578,68.2699966430664,68.1500015258789,68.2699966430664,37667
2026-02-13 16:29:00+00:00,67.87000274658203,68.1449966430664,67.7750015258789,68.1449966430664,28373
2026-02-13 16:30:00+00:00,67.93499755859375,67.997802734375,67.83000183105469,67.83000183105469,9154
2026-02-13 16:31:00+00:00,67.79000091552734,67.9000015258789,67.59200286865234,67.9000015258789,25666
2026-02-13 16:32:00+00:00,68.03959655761719,68.08999633789062,67.7300033569336,67.76499938964844,15840
2026-02-13 16:33:00+00:00,67.86499786376953,68.05999755859375,67.84809875488281,68.01000213623047,2103094
2026-02-13 16:34:00+00:00,67.69499969482422,67.86000061035156,67.63999938964844,67.86000061035156,0
2026-02-13 16:35:00+00:00,67.87999725341797,67.87999725341797,67.66000366210938,67.77999877929688,9072
2026-02-13 16:36:00+00:00,68.01499938964844,68.08999633789062,67.86000061035156,67.86000061035156,14791
2026-02-13 16:37:00+00:00,67.75,68.09760284423828,67.75,68.08999633789062,18785
2026-02-13 16:38:00+00:00,68.0000991821289,68.04000091552734,67.76000213623047,67.77999877929688,16974
2026-02-13 16:39:00+00:00,68.16000366210938,68.16010284423828,68.0199966430664,68.0199966430664,14844
2026-02-13 16:40:00+00:00,68.0199966430664,68.16000366210938,67.97000122070312,68.16000366210938,15572
2026-02-13 16:41:00+00:00,67.91999816894531,68.02999877929688,67.87000274658203,68.01000213623047,11892
2026-02-13 16:42:00+00:00,67.92500305175781,67.93000030517578,67.80000305175781,67.93000030517578,16776
2026-02-13 16:43:00+00:00,68.06420135498047,68.16000366210938,67.87000274658203,67.87000274658203,21469
2026-02-13 16:44:00+00:00,68.13999938964844,68.13999938964844,68.05000305175781,68.11000061035156,12682
2026-02-13 16:45:00+00:00,68.23999786376953,68.23999786376953,68.11000061035156,68.18299865722656,17014
2026-02-13 16:46:00+00:00,68.1449966430664,68.33000183105469,68.0999984741211,68.19000244140625,31938
2026-02-13 16:47:00+00:00,68.23999786376953,68.2698974609375,68.12000274658203,68.1449966430664,21680
2026-02-13 16:48:00+00:00,68.04000091552734,68.26499938964844,67.98999786376953,68.26499938964844,16737
2026-02-13 16:49:00+00:00,67.97000122070312,68.08000183105469,67.94999694824219,68.0199966430664,8798
2026-02-13 16:50:00+00:00,68.0968017578125,68.1500015258789,67.91000366210938,67.97000122070312,15292
2026-02-13 16:51:00+00:00,68.02999877929688,68.16999816894531,67.91000366210938,68.1427993774414,21220
2026-02-13 16:52:00+00:00,67.94000244140625,68.07990264892578,67.91999816894531,68.04000091552734,13669
2026-02-13 16:53:00+00:00,68.02510070800781,68.08999633789062,67.97000122070312,67.97000122070312,9912
2026-02-13 16:54:00+00:00,68.0999984741211,68.12999725341797,67.99030303955078,68.05999755859375,13579
2026-02-13 16:55:00+00:00,68.05999755859375,68.13929748535156,68.04000091552734,68.08999633789062,7919
2026-02-13 16:56:00+00:00,68.08999633789062,68.22000122070312,68.02010345458984,68.06999969482422,16984
2026-02-13 16:57:00+00:00,67.90699768066406,68.05000305175781,67.87999725341797,68.05000305175781,11276
2026-02-13 16:58:00+00:00,67.83599853515625,67.93990325927734,67.80000305175781,67.8949966430664,10802
2026-02-13 16:59:00+00:00,67.72000122070312,67.86630249023438,67.69999694824219,67.81999969482422,18440
2026-02-13 17:00:00+00:00,67.77999877929688,67.83000183105469,67.69000244140625,67.70999908447266,10390
2026-02-13 17:01:00+00:00,67.91999816894531,67.93000030517578,67.76000213623047,67.80989837646484,14936
2026-02-13 17:02:00+00:00,67.82499694824219,67.88999938964844,67.72010040283203,67.88999938964844,9628
2026-02-13 17:03:00+00:00,67.93000030517578,67.93000030517578,67.81999969482422,67.8499984741211,11735
2026-02-13 17:04:00+00:00,67.83999633789062,67.97000122070312,67.79000091552734,67.97000122070312,10418
2026-02-13 17:05:00+00:00,67.95999908447266,67.97000122070312,67.86000061035156,67.86389923095703,11092
2026-02-13 17:06:00+00:00,67.86830139160156,67.95149993896484,67.86000061035156,67.92400360107422,12531
2026-02-13 17:07:00+00:00,67.86000061035156,67.94999694824219,67.80000305175781,67.91000366210938,12881
2026-02-13 17:08:00+00:00,67.83509826660156,67.94000244140625,67.81999969482422,67.89990234375,10052
2026-02-13 17:09:00+00:00,67.81999969482422,67.87000274658203,67.80000305175781,67.83999633789062,12724
2026-02-13 17:10:00+00:00,67.76000213623047,67.86900329589844,67.73999786376953,67.79000091552734,24076
2026-02-13 17:11:00+00:00,67.875,67.88999938964844,67.73999786376953,67.76000213623047,11404
2026-02-13 17:12:00+00:00,68.09500122070312,68.12999725341797,67.81999969482422,67.83999633789062,17117
2026-02-13 17:13:00+00:00,68.22000122070312,68.27159881591797,68.13999938964844,68.1500015258789,20273
2026-02-13 17:14:00+00:00,68.3499984741211,68.3499984741211,68.19999694824219,68.23999786376953,10141
2026-02-13 17:15:00+00:00,68.23999786376953,68.3499984741211,68.19010162353516,68.34220123291016,15909
2026-02-13 17:16:00+00:00,68.19999694824219,68.37000274658203,68.19999694824219,68.20999908447266,21311
2026-02-13 17:17:00+00:00,68.33499908447266,68.34500122070312,68.220703125,68.25170135498047,15705
2026-02-13 17:18:00+00:00,68.26000213623047,68.3499984741211,68.20999908447266,68.30999755859375,14293
2026-02-13 17:19:00+00:00,68.26249694824219,68.30000305175781,68.24500274658203,68.2699966430664,7570
2026-02-13 17:20:00+00:00,68.3499984741211,68.36000061035156,68.20999908447266,68.22000122070312,22042
2026-02-13 17:21:00+00:00,68.4800033569336,68.5,68.32009887695312,68.36620330810547,22539
2026-02-13 17:22:00+00:00,68.5,68.51950073242188,68.41600036621094,68.45999908447266,25558
2026-02-13 17:23:00+00:00,68.3499984741211,68.54000091552734,68.31999969482422,68.5198974609375,41016
2026-02-13 17:24:00+00:00,68.38999938964844,68.38999938964844,68.31999969482422,68.37000274658203,15705
2026-02-13 17:25:00+00:00,68.12999725341797,68.38999938964844,68.05000305175781,68.38999938964844,30944
2026-02-13 17:26:00+00:00,68.16500091552734,68.16500091552734,68.0000991821289,68.12000274658203,14456
2026-02-13 17:27:00+00:00,68.30000305175781,68.30000305175781,68.16500091552734,68.19989776611328,15392
2026-02-13 17:28:00+00:00,68.29000091552734,68.3499984741211,68.2699966430664,68.30000305175781,14116
2026-02-13 17:29:00+00:00,68.1135025024414,68.33000183105469,68.1135025024414,68.33000183105469,14282
2026-02-13 17:30:00+00:00,68.26000213623047,68.31999969482422,68.16000366210938,68.16000366210938,8086
2026-02-13 17:31:00+00:00,68.38999938964844,68.38999938964844,68.25029754638672,68.29000091552734,19742
2026-02-13 17:32:00+00:00,68.26000213623047,68.43000030517578,68.26000213623047,68.43000030517578,9025
2026-02-13 17:33:00+00:00,68.36000061035156,68.4000015258789,68.23999786376953,68.23999786376953,16787
2026-02-13 17:34:00+00:00,68.24749755859375,68.4000015258789,68.2300033569336,68.4000015258789,16543
2026-02-13 17:35:00+00:00,68.33000183105469,68.33499908447266,68.26000213623047,68.29000091552734,15302
2026-02-13 17:36:00+00:00,68.31999969482422,68.33000183105469,68.27010345458984,68.31670379638672,9789
2026-02-13 17:37:00+00:00,68.29000091552734,68.37899780273438,68.27999877929688,68.30000305175781,7193
2026-02-13 17:38:00+00:00,68.31999969482422,68.33000183105469,68.22000122070312,68.27999877929688,11828
2026-02-13 17:39:00+00:00,68.38999938964844,68.40499877929688,68.27999877929688,68.31999969482422,11697
2026-02-13 17:40:00+00:00,68.31999969482422,68.4749984741211,68.31999969482422,68.40499877929688,12764
2026-02-13 17:41:00+00:00,68.59380340576172,68.5999984741211,68.36000061035156,68.36499786376953,27219
2026-02-13 17:42:00+00:00,68.43000030517578,68.61000061035156,68.41999816894531,68.5999984741211,17891
2026-02-13 17:43:00+00:00,68.36000061035156,68.44999694824219,68.33999633789062,68.44000244140625,6772
2026-02-13 17:44:00+00:00,68.2699966430664,68.3949966430664,68.2300033569336,68.3550033569336,24088
2026-02-13 17:45:00+00:00,68.12999725341797,68.29000091552734,68.09010314941406,68.2300033569336,15609
2026-02-13 17:46:00+00:00,68.1073989868164,68.16999816894531,68.03379821777344,68.12999725341797,8219
2026-02-13 17:47:00+00:00,67.92500305175781,68.12000274658203,67.88919830322266,68.05999755859375,26610
2026-02-13 17:48:00+00:00,67.98999786376953,68.03500366210938,67.94000244140625,67.94000244140625,15380
2026-02-13 17:49:00+00:00,67.98500061035156,68.0,67.91999816894531,67.98999786376953,11122
2026-02-13 17:50:00+00:00,67.87999725341797,67.99500274658203,67.8499984741211,67.9800033569336,16089
2026-02-13 17:51:00+00:00,67.875,67.94000244140625,67.77999877929688,67.9000015258789,14946
2026-02-13 17:52:00+00:00,67.9186019897461,67.93499755859375,67.86170196533203,67.86170196533203,9230
2026-02-13 17:53:00+00:00,67.81999969482422,67.97000122070312,67.81999969482422,67.93000030517578,12587
2026-02-13 17:54:00+00:00,67.74369812011719,67.81999969482422,67.72000122070312,67.80000305175781,23200
2026-02-13 17:55:00+00:00,67.62000274658203,67.80000305175781,67.56269836425781,67.75499725341797,15672
2026-02-13 17:56:00+00:00,67.75499725341797,67.81990051269531,67.62999725341797,67.62999725341797,29553
2026-02-13 17:57:00+00:00,67.77999877929688,67.80000305175781,67.69999694824219,67.79000091552734,17527
2026-02-13 17:58:00+00:00,67.7300033569336,67.79000091552734,67.71730041503906,67.78500366210938,8077
2026-02-13 17:59:00+00:00,67.73999786376953,67.80999755859375,67.64009857177734,67.75499725341797,10586
2026-02-13 18:00:00+00:00,67.87999725341797,67.94000244140625,67.68000030517578,67.69999694824219,28741
2026-02-13 18:01:00+00:00,67.51000213623047,67.87000274658203,67.47000122070312,67.86000061035156,47468
2026-02-13 18:02:00+00:00,67.55000305175781,67.6780014038086,67.49500274658203,67.49500274658203,15927
2026-02-13 18:03:00+00:00,67.56500244140625,67.58999633789062,67.5,67.55000305175781,23363
2026-02-13 18:04:00+00:00,67.52799987792969,67.56999969482422,67.51000213623047,67.54000091552734,7480
2026-02-13 18:05:00+00:00,67.51000213623047,67.59989929199219,67.47000122070312,67.52999877929688,32001
2026-02-13 18:06:00+00:00,67.54499816894531,67.6698989868164,67.47019958496094,67.48999786376953,14102
2026-02-13 18:07:00+00:00,67.51000213623047,67.62999725341797,67.51000213623047,67.55000305175781,14294
2026-02-13 18:08:00+00:00,67.6500015258789,67.73999786376953,67.5199966430664,67.5199966430664,22913
2026-02-13 18:09:00+00:00,67.63999938964844,67.70999908447266,67.56999969482422,67.62000274658203,8020
2026-02-13 18:10:00+00:00,67.68000030517578,67.70780181884766,67.56009674072266,67.61299896240234,18111
2026-02-13 18:11:00+00:00,67.5999984741211,67.68080139160156,67.55000305175781,67.68080139160156,10741
2026-02-13 18:12:00+00:00,67.58000183105469,67.64990234375,67.55999755859375,67.6050033569336,10778
2026-02-13 18:13:00+00:00,67.74500274658203,67.7698974609375,67.58000183105469,67.61000061035156,14526
2026-02-13 18:14:00+00:00,67.65499877929688,67.73500061035156,67.6449966430664,67.73500061035156,11601
2026-02-13 18:15:00+00:00,67.7699966430664,67.7699966430664,67.61000061035156,67.66999816894531,10227
2026-02-13 18:16:00+00:00,67.79000091552734,67.79000091552734,67.6500015258789,67.74500274658203,10912
2026-02-13 18:17:00+00:00,67.81999969482422,67.83989715576172,67.72000122070312,67.80000305175781,24745
2026-02-13 18:18:00+00:00,67.8499984741211,67.9000015258789,67.79499816894531,67.80000305175781,12038
2026-02-13 18:19:00+00:00,67.54000091552734,67.88990020751953,67.41000366210938,67.85900115966797,38122
2026-02-13 18:20:00+00:00,67.62000274658203,67.6698989868164,67.5199966430664,67.54000091552734,15147
2026-02-13 18:21:00+00:00,67.61000061035156,67.66999816894531,67.54499816894531,67.61000061035156,7485
2026-02-13 18:22:00+00:00,67.6759033203125,67.68000030517578,67.55999755859375,67.62000274658203,8844
2026-02-13 18:23:00+00:00,67.83989715576172,67.83999633789062,67.69999694824219,67.73999786376953,17988
2026-02-13 18:24:00+00:00,67.76499938964844,67.80780029296875,67.70500183105469,67.77999877929688,15137
2026-02-13 18:25:00+00:00,67.63500213623047,67.7699966430664,67.625,67.7699966430664,17098
2026-02-13 18:26:00+00:00,67.72000122070312,67.72000122070312,67.62999725341797,67.63500213623047,9990
2026-02-13 18:27:00+00:00,67.63500213623047,67.73999786376953,67.63500213623047,67.72000122070312,11243
2026-02-13 18:28:00+00:00,67.7698974609375,67.7698974609375,67.6500015258789,67.66000366210938,5593
2026-02-13 18:29:00+00:00,67.08999633789062,67.81500244140625,66.94999694824219,67.77999877929688,125123
2026-02-13 18:30:00+00:00,67.10089874267578,67.29209899902344,67.05000305175781,67.11000061035156,38991
2026-02-13 18:31:00+00:00,67.36000061035156,67.36000061035156,67.1500015258789,67.1500015258789,11959
2026-02-13 18:32:00+00:00,67.2750015258789,67.3499984741211,67.20999908447266,67.3499984741211,9508
2026-02-13 18:33:00+00:00,67.38510131835938,67.43000030517578,67.2750015258789,67.29000091552734,13006
2026-02-13 18:34:00+00:00,67.51499938964844,67.52999877929688,67.43190002441406,67.44999694824219,13396
2026-02-13 18:35:00+00:00,67.625,67.6500015258789,67.51000213623047,67.55000305175781,16583
2026-02-13 18:36:00+00:00,67.75,67.78350067138672,67.6500015258789,67.68000030517578,20570
2026-02-13 18:37:00+00:00,67.6500015258789,67.76000213623047,67.62000274658203,67.73999786376953,17835
2026-02-13 18:38:00+00:00,67.75,67.75,67.52999877929688,67.62000274658203,18428
2026-02-13 18:39:00+00:00,67.75,67.80999755859375,67.71499633789062,67.76000213623047,18026
2026-02-13 18:40:00+00:00,67.5999984741211,67.7699966430664,67.58999633789062,67.75,23794
2026-02-13 18:41:00+00:00,67.51000213623047,67.66929626464844,67.5,67.57009887695312,11345
2026-02-13 18:42:00+00:00,67.41999816894531,67.55999755859375,67.41999816894531,67.55000305175781,4867
2026-02-13 18:43:00+00:00,67.54149627685547,67.55500030517578,67.44999694824219,67.45999908447266,7667
2026-02-13 18:44:00+00:00,67.44999694824219,67.54000091552734,67.4000015258789,67.54000091552734,15656
2026-02-13 18:45:00+00:00,67.51000213623047,67.59989929199219,67.43000030517578,67.4800033569336,8100
2026-02-13 18:46:00+00:00,67.66999816894531,67.68000030517578,67.48999786376953,67.56999969482422,22498
2026-02-13 18:47:00+00:00,67.63999938964844,67.68000030517578,67.58000183105469,67.63999938964844,8535
2026-02-13 18:48:00+00:00,67.62999725341797,67.68000030517578,67.58000183105469,67.61000061035156,8369
2026-02-13 18:49:00+00:00,67.56500244140625,67.6500015258789,67.51000213623047,67.63500213623047,9660
2026-02-13 18:50:00+00:00,67.5250015258789,67.59500122070312,67.51000213623047,67.55999755859375,6837
2026-02-13 18:51:00+00:00,67.5199966430664,67.55999755859375,67.4749984741211,67.5000991821289,5275
2026-02-13 18:52:00+00:00,67.30999755859375,67.5199966430664,67.30999755859375,67.47000122070312,11110
2026-02-13 18:53:00+00:00,67.54000091552734,67.54000091552734,67.37000274658203,67.37000274658203,5945
2026-02-13 18:54:00+00:00,67.47000122070312,67.54000091552734,67.45999908447266,67.54000091552734,5808
2026-02-13 18:55:00+00:00,67.5250015258789,67.52999877929688,67.41000366210938,67.45929718017578,10846
2026-02-13 18:56:00+00:00,67.61000061035156,67.6500015258789,67.55000305175781,67.55000305175781,9235
2026-02-13 18:57:00+00:00,67.69999694824219,67.72000122070312,67.6050033569336,67.6050033569336,9657
2026-02-13 18:58:00+00:00,67.62000274658203,67.69999694824219,67.61000061035156,67.69999694824219,2896
2026-02-13 18:59:00+00:00,67.65499877929688,67.70989990234375,67.58999633789062,67.58999633789062,19518
2026-02-13 19:00:00+00:00,67.65499877929688,67.68000030517578,67.5199966430664,67.65499877929688,8737
2026-02-13 19:01:00+00:00,67.66000366210938,67.69999694824219,67.58999633789062,67.67500305175781,18829
2026-02-13 19:02:00+00:00,67.4271011352539,67.66999816894531,67.3499984741211,67.62110137939453,30599
2026-02-13 19:03:00+00:00,67.5,67.5,67.37010192871094,67.43000030517578,8666
2026-02-13 19:04:00+00:00,67.37999725341797,67.47000122070312,67.34500122070312,67.47000122070312,4855
2026-02-13 19:05:00+00:00,67.51499938964844,67.5199966430664,67.36499786376953,67.37999725341797,5950
2026-02-13 19:06:00+00:00,67.44999694824219,67.55500030517578,67.44000244140625,67.54000091552734,5566
2026-02-13 19:07:00+00:00,67.41010284423828,67.5,67.38999938964844,67.5,6351
2026-02-13 19:08:00+00:00,67.41999816894531,67.44000244140625,67.33000183105469,67.42500305175781,11596
2026-02-13 19:09:00+00:00,67.55999755859375,67.58000183105469,67.43000030517578,67.43000030517578,6570
2026-02-13 19:10:00+00:00,67.45999908447266,67.5999984741211,67.45999908447266,67.58000183105469,6818
2026-02-13 19:11:00+00:00,67.44999694824219,67.5,67.41999816894531,67.5,6087
2026-02-13 19:12:00+00:00,67.55999755859375,67.55999755859375,67.42040252685547,67.44000244140625,8151
2026-02-13 19:13:00+00:00,67.36499786376953,67.56999969482422,67.23999786376953,67.56999969482422,26320
2026-02-13 19:14:00+00:00,67.41000366210938,67.41999816894531,67.33999633789062,67.36000061035156,4597
2026-02-13 19:15:00+00:00,67.35009765625,67.41000366210938,67.35009765625,67.40499877929688,4733
2026-02-13 19:16:00+00:00,67.39720153808594,67.41999816894531,67.30000305175781,67.30000305175781,16772
2026-02-13 19:17:00+00:00,67.37000274658203,67.43000030517578,67.32499694824219,67.41999816894531,10102
2026-02-13 19:18:00+00:00,67.3949966430664,67.5,67.3949966430664,67.4000015258789,6967
2026-02-13 19:19:00+00:00,67.44999694824219,67.4800033569336,67.37999725341797,67.38999938964844,4620
2026-02-13 19:20:00+00:00,67.56500244140625,67.58999633789062,67.43000030517578,67.43000030517578,22668
2026-02-13 19:21:00+00:00,67.54000091552734,67.6500015258789,67.5199966430664,67.55999755859375,9353
2026-02-13 19:22:00+00:00,67.62000274658203,67.62000274658203,67.54000091552734,67.54000091552734,10398
2026-02-13 19:23:00+00:00,67.56999969482422,67.6698989868164,67.56999969482422,67.62000274658203,4741
2026-02-13 19:24:00+00:00,67.58000183105469,67.6500015258789,67.53500366210938,67.58999633789062,6789
2026-02-13 19:25:00+00:00,67.54000091552734,67.59970092773438,67.5,67.56999969482422,13505
2026-02-13 19:26:00+00:00,67.25,67.51000213623047,67.25,67.5,25955
2026-02-13 19:27:00+00:00,67.36000061035156,67.4000015258789,67.16999816894531,67.27989959716797,19744
2026-02-13 19:28:00+00:00,67.2699966430664,67.43000030517578,67.25,67.38999938964844,7901
2026-02-13 19:29:00+00:00,66.87000274658203,67.27999877929688,66.73999786376953,67.24009704589844,57123
2026-02-13 19:30:00+00:00,66.9000015258789,67.05999755859375,66.69499969482422,66.9000015258789,43222
2026-02-13 19:31:00+00:00,67.06990051269531,67.06990051269531,66.83519744873047,66.87999725341797,7704
2026-02-13 19:32:00+00:00,67.12999725341797,67.13999938964844,67.02010345458984,67.05000305175781,8754
2026-02-13 19:33:00+00:00,67.14189910888672,67.17539978027344,67.06999969482422,67.0999984741211,5184
2026-02-13 19:34:00+00:00,67.25,67.26000213623047,67.08999633789062,67.08999633789062,16450
2026-02-13 19:35:00+00:00,67.31710052490234,67.31999969482422,67.25,67.2748031616211,17633
2026-02-13 19:36:00+00:00,67.27999877929688,67.38999938964844,67.2323989868164,67.31990051269531,17335
2026-02-13 19:37:00+00:00,67.28500366210938,67.30000305175781,67.2301025390625,67.23999786376953,11567
2026-02-13 19:38:00+00:00,67.18000030517578,67.30999755859375,67.18000030517578,67.2750015258789,6987
2026-02-13 19:39:00+00:00,67.2699966430664,67.2699966430664,67.11000061035156,67.18000030517578,22966
2026-02-13 19:40:00+00:00,67.16999816894531,67.28350067138672,67.16000366210938,67.27999877929688,11418
2026-02-13 19:41:00+00:00,67.0376968383789,67.20500183105469,66.98500061035156,67.19999694824219,42885
2026-02-13 19:42:00+00:00,67.22000122070312,67.22000122070312,67.05010223388672,67.08000183105469,18529
2026-02-13 19:43:00+00:00,67.06999969482422,67.19499969482422,67.05999755859375,67.18000030517578,24895
2026-02-13 19:44:00+00:00,67.12000274658203,67.12999725341797,67.04000091552734,67.08000183105469,7913
2026-02-13 19:45:00+00:00,67.37999725341797,67.4000015258789,67.06999969482422,67.06999969482422,21173
2026-02-13 19:46:00+00:00,67.3550033569336,67.37999725341797,67.28459930419922,67.37999725341797,13220
2026-02-13 19:47:00+00:00,67.24500274658203,67.34500122070312,67.22000122070312,67.31999969482422,12219
2026-02-13 19:48:00+00:00,67.23999786376953,67.31999969482422,67.23999786376953,67.25,9408
2026-02-13 19:49:00+00:00,67.30000305175781,67.30999755859375,67.23999786376953,67.25509643554688,4506
2026-02-13 19:50:00+00:00,67.23999786376953,67.3499984741211,67.15499877929688,67.31999969482422,9916
2026-02-13 19:51:00+00:00,67.11000061035156,67.23500061035156,67.11000061035156,67.2300033569336,7115
2026-02-13 19:52:00+00:00,67.15499877929688,67.18990325927734,67.1050033569336,67.1050033569336,6445
2026-02-13 19:53:00+00:00,67.05999755859375,67.16999816894531,67.05999755859375,67.16000366210938,7207
2026-02-13 19:54:00+00:00,67.08499908447266,67.0999984741211,67.0199966430664,67.03099822998047,11519
2026-02-13 19:55:00+00:00,66.94499969482422,67.13999938964844,66.86990356445312,67.12999725341797,23020
2026-02-13 19:56:00+00:00,66.98999786376953,67.0999984741211,66.9489974975586,67.0,14280
2026-02-13 19:57:00+00:00,66.9000015258789,67.0363998413086,66.88999938964844,67.0199966430664,31895
2026-02-13 19:58:00+00:00,66.7699966430664,66.96499633789062,66.58999633789062,66.94989776611328,36870
2026-02-13 19:59:00+00:00,66.9000015258789,66.9000015258789,66.73500061035156,66.73500061035156,11625
2026-02-13 20:00:00+00:00,66.90499877929688,66.9801025390625,66.86589813232422,66.88999938964844,10498
2026-02-13 20:01:00+00:00,66.9800033569336,66.98999786376953,66.86000061035156,66.86000061035156,10512
2026-02-13 20:02:00+00:00,66.88999938964844,66.97509765625,66.88800048828125,66.96499633789062,10234
2026-02-13 20:03:00+00:00,66.80999755859375,66.875,66.77999877929688,66.875,8729
2026-02-13 20:04:00+00:00,66.88999938964844,66.9198989868164,66.83219909667969,66.83999633789062,12608
2026-02-13 20:05:00+00:00,66.97000122070312,66.97000122070312,66.86000061035156,66.87000274658203,15831
2026-02-13 20:06:00+00:00,66.91570281982422,66.9800033569336,66.9000015258789,66.97000122070312,12024
2026-02-13 20:07:00+00:00,66.87000274658203,66.95179748535156,66.87000274658203,66.94999694824219,4230
2026-02-13 20:08:00+00:00,66.80999755859375,66.97000122070312,66.79000091552734,66.88009643554688,15216
2026-02-13 20:09:00+00:00,66.84500122070312,66.87000274658203,66.79000091552734,66.79000091552734,4912
2026-02-13 20:10:00+00:00,66.79000091552734,66.87000274658203,66.75,66.83499908447266,11758
2026-02-13 20:11:00+00:00,66.91000366210938,66.95999908447266,66.75,66.80999755859375,14541
2026-02-13 20:12:00+00:00,66.71499633789062,66.87999725341797,66.69999694824219,66.87000274658203,47761
2026-02-13 20:13:00+00:00,66.65499877929688,66.72000122070312,66.65499877929688,66.69999694824219,21617
2026-02-13 20:14:00+00:00,66.63999938964844,66.75,66.63999938964844,66.66500091552734,14834
2026-02-13 20:15:00+00:00,66.69210052490234,66.73999786376953,66.66999816894531,66.66999816894531,7812
2026-02-13 20:16:00+00:00,66.77999877929688,66.79000091552734,66.69000244140625,66.69000244140625,7518
2026-02-13 20:17:00+00:00,66.7750015258789,66.83000183105469,66.76000213623047,66.76000213623047,11840
2026-02-13 20:18:00+00:00,66.80999755859375,66.84819793701172,66.7300033569336,66.80999755859375,7561
2026-02-13 20:19:00+00:00,67.12999725341797,67.12999725341797,66.80000305175781,66.80000305175781,125930
2026-02-13 20:20:00+00:00,67.05000305175781,67.12999725341797,67.0199966430664,67.11000061035156,10183
2026-02-13 20:21:00+00:00,67.05000305175781,67.11499786376953,66.94999694824219,67.06999969482422,15279
2026-02-13 20:22:00+00:00,67.05500030517578,67.07499694824219,67.01069641113281,67.05000305175781,4948
2026-02-13 20:23:00+00:00,67.04000091552734,67.04000091552734,66.97000122070312,67.04000091552734,8885
2026-02-13 20:24:00+00:00,67.01000213623047,67.08999633789062,66.98999786376953,67.0,7270
2026-02-13 20:25:00+00:00,66.83999633789062,66.98999786376953,66.78710174560547,66.9800033569336,23512
2026-02-13 20:26:00+00:00,66.88999938964844,66.93769836425781,66.86000061035156,66.87000274658203,6521
2026-02-13 20:27:00+00:00,66.81999969482422,66.90499877929688,66.80000305175781,66.87999725341797,14945
2026-02-13 20:28:00+00:00,66.77999877929688,66.87999725341797,66.75,66.81999969482422,45862
2026-02-13 20:29:00+00:00,66.87000274658203,66.87000274658203,66.7699966430664,66.77999877929688,12667
2026-02-13 20:30:00+00:00,66.87000274658203,66.9198989868164,66.7699966430664,66.84500122070312,13539
2026-02-13 20:31:00+00:00,67.11000061035156,67.14779663085938,66.80159759521484,66.80159759521484,60195
2026-02-13 20:32:00+00:00,67.08999633789062,67.21710205078125,67.05000305175781,67.0999984741211,22077
2026-02-13 20:33:00+00:00,67.16999816894531,67.26000213623047,67.05110168457031,67.12000274658203,22980
2026-02-13 20:34:00+00:00,67.19999694824219,67.29509735107422,67.1500015258789,67.19999694824219,17603
2026-02-13 20:35:00+00:00,67.22000122070312,67.26940155029297,67.1500015258789,67.18499755859375,16771
2026-02-13 20:36:00+00:00,67.16999816894531,67.25,67.11009979248047,67.25,9939
2026-02-13 20:37:00+00:00,67.21880340576172,67.21880340576172,67.10009765625,67.15789794921875,12373
2026-02-13 20:38:00+00:00,67.2300033569336,67.2300033569336,67.125,67.19000244140625,16721
2026-02-13 20:39:00+00:00,67.21849822998047,67.25,67.15799713134766,67.23999786376953,12556
2026-02-13 20:40:00+00:00,67.37000274658203,67.38999938964844,67.19000244140625,67.19999694824219,19158
2026-02-13 20:41:00+00:00,67.29000091552734,67.39510345458984,67.26000213623047,67.38999938964844,88227
2026-02-13 20:42:00+00:00,67.16999816894531,67.30000305175781,67.15550231933594,67.27999877929688,19079
2026-02-13 20:43:00+00:00,67.19999694824219,67.21959686279297,67.12120056152344,67.18990325927734,19666
2026-02-13 20:44:00+00:00,67.30000305175781,67.3499984741211,67.16000366210938,67.17500305175781,18647
2026-02-13 20:45:00+00:00,67.29000091552734,67.3499984741211,67.26000213623047,67.26000213623047,19204
2026-02-13 20:46:00+00:00,67.31500244140625,67.38990020751953,67.2699966430664,67.30000305175781,16655
2026-02-13 20:47:00+00:00,67.43499755859375,67.45999908447266,67.30999755859375,67.33000183105469,29026
2026-02-13 20:48:00+00:00,67.43499755859375,67.5,67.41510009765625,67.43000030517578,37389
2026-02-13 20:49:00+00:00,67.4000015258789,67.53500366210938,67.38999938964844,67.44999694824219,57179
2026-02-13 20:50:00+00:00,67.44999694824219,67.4749984741211,67.33000183105469,67.41000366210938,20804
2026-02-13 20:51:00+00:00,67.56500244140625,67.62999725341797,67.44000244140625,67.44000244140625,22905
2026-02-13 20:52:00+00:00,67.44000244140625,67.61000061035156,67.4000015258789,67.55999755859375,153379
2026-02-13 20:53:00+00:00,67.48049926757812,67.52999877929688,67.4000015258789,67.42500305175781,25842
2026-02-13 20:54:00+00:00,67.55000305175781,67.61000061035156,67.46410369873047,67.47000122070312,48998
2026-02-13 20:55:00+00:00,67.4000015258789,67.56999969482422,67.3550033569336,67.56999969482422,54711
2026-02-13 20:56:00+00:00,67.36499786376953,67.41999816894531,67.3499984741211,67.41000366210938,29102
2026-02-13 20:57:00+00:00,67.47000122070312,67.48500061035156,67.3499984741211,67.37000274658203,3407020
2026-02-13 20:58:00+00:00,67.48200225830078,67.48500061035156,67.42500305175781,67.47000122070312,0
2026-02-13 20:59:00+00:00,67.44000244140625,67.55999755859375,67.43000030517578,67.48999786376953,178641
